item_name,wav_path,wav_fn,language,singer,song_name,group_name,mix,falsetto,breathy,vibrato,glissando,pharyngeal,any_tech,mix_variant,label_signature,binary_role,mix_prob,threshold_gap,increment_selection_role,increment_rank,increment_pool_size,increment_reference_field,increment_reference_value
English#EN-Alto-2#Pharyngeal#What Are Words#Pharyngeal_Group#0000,D:\-MindEcho-main\ml_dl_models\gtsinger_multitech\dataset\raw\English\EN-Alto-2\Pharyngeal\What Are Words\Pharyngeal_Group\0000.wav,English/EN-Alto-2/Pharyngeal/What Are Words/Pharyngeal_Group/0000.wav,English,EN-Alto-2,What Are Words,Pharyngeal_Group,1,0,0,0,1,1,1,clear_mix,100011,positive_mix,0.001889,0.423111,hard_positive,1,96,mix_prob,0.001889
English#EN-Alto-2#Breathy#Love Me Like You Do#Control_Group#0002,D:\-MindEcho-main\ml_dl_models\gtsinger_multitech\dataset\raw\English\EN-Alto-2\Breathy\Love Me Like You Do\Control_Group\0002.wav,English/EN-Alto-2/Breathy/Love Me Like You Do/Control_Group/0002.wav,English,EN-Alto-2,Love Me Like You Do,Control_Group,1,0,0,0,1,0,1,clear_mix,100010,positive_mix,0.002981,0.422019,hard_positive,2,96,mix_prob,0.002981
English#EN-Alto-2#Glissando#Love Me Like You Do#Control_Group#0002,D:\-MindEcho-main\ml_dl_models\gtsinger_multitech\dataset\raw\English\EN-Alto-2\Glissando\Love Me Like You Do\Control_Group\0002.wav,English/EN-Alto-2/Glissando/Love Me Like You Do/Control_Group/0002.wav,English,EN-Alto-2,Love Me Like You Do,Control_Group,1,0,0,0,1,0,1,clear_mix,100010,positive_mix,0.002981,0.422019,hard_positive,3,96,mix_prob,0.002981
English#EN-Alto-2#Vibrato#Love Me Like You Do#Control_Group#0002,D:\-MindEcho-main\ml_dl_models\gtsinger_multitech\dataset\raw\English\EN-Alto-2\Vibrato\Love Me Like You Do\Control_Group\0002.wav,English/EN-Alto-2/Vibrato/Love Me Like You Do/Control_Group/0002.wav,English,EN-Alto-2,Love Me Like You Do,Control_Group,1,0,0,0,1,0,1,clear_mix,100010,positive_mix,0.002981,0.422019,hard_positive,4,96,mix_prob,0.002981
English#EN-Alto-2#Breathy#My Love#Control_Group#0006,D:\-MindEcho-main\ml_dl_models\gtsinger_multitech\dataset\raw\English\EN-Alto-2\Breathy\My Love\Control_Group\0006.wav,English/EN-Alto-2/Breathy/My Love/Control_Group/0006.wav,English,EN-Alto-2,My Love,Control_Group,1,0,0,0,0,0,1,clear_mix,100000,positive_mix,0.003431,0.421569,hard_positive,5,96,mix_prob,0.003431
English#EN-Alto-2#Pharyngeal#My Love#Control_Group#0006,D:\-MindEcho-main\ml_dl_models\gtsinger_multitech\dataset\raw\English\EN-Alto-2\Pharyngeal\My Love\Control_Group\0006.wav,English/EN-Alto-2/Pharyngeal/My Love/Control_Group/0006.wav,English,EN-Alto-2,My Love,Control_Group,1,0,0,0,0,0,1,clear_mix,100000,positive_mix,0.003431,0.421569,hard_positive,6,96,mix_prob,0.003431
English#EN-Alto-2#Breathy#Love Story#Control_Group#0003,D:\-MindEcho-main\ml_dl_models\gtsinger_multitech\dataset\raw\English\EN-Alto-2\Breathy\Love Story\Control_Group\0003.wav,English/EN-Alto-2/Breathy/Love Story/Control_Group/0003.wav,English,EN-Alto-2,Love Story,Control_Group,1,0,0,0,1,0,1,clear_mix,100010,positive_mix,0.004057,0.420943,hard_positive,7,96,mix_prob,0.004057
English#EN-Alto-2#Glissando#Love Story#Control_Group#0004,D:\-MindEcho-main\ml_dl_models\gtsinger_multitech\dataset\raw\English\EN-Alto-2\Glissando\Love Story\Control_Group\0004.wav,English/EN-Alto-2/Glissando/Love Story/Control_Group/0004.wav,English,EN-Alto-2,Love Story,Control_Group,1,0,0,0,1,0,1,clear_mix,100010,positive_mix,0.004057,0.420943,hard_positive,8,96,mix_prob,0.004057
English#EN-Alto-2#Vibrato#Love Story#Control_Group#0004,D:\-MindEcho-main\ml_dl_models\gtsinger_multitech\dataset\raw\English\EN-Alto-2\Vibrato\Love Story\Control_Group\0004.wav,English/EN-Alto-2/Vibrato/Love Story/Control_Group/0004.wav,English,EN-Alto-2,Love Story,Control_Group,1,0,0,0,1,0,1,clear_mix,100010,positive_mix,0.004057,0.420943,hard_positive,9,96,mix_prob,0.004057
English#EN-Alto-2#Mixed_Voice_and_Falsetto#Call Me Maybe#Mixed_Voice_Group#0003,D:\-MindEcho-main\ml_dl_models\gtsinger_multitech\dataset\raw\English\EN-Alto-2\Mixed_Voice_and_Falsetto\Call Me Maybe\Mixed_Voice_Group\0003.wav,English/EN-Alto-2/Mixed_Voice_and_Falsetto/Call Me Maybe/Mixed_Voice_Group/0003.wav,English,EN-Alto-2,Call Me Maybe,Mixed_Voice_Group,1,0,0,0,1,0,1,clear_mix,100010,positive_mix,0.004663,0.420337,hard_positive,10,96,mix_prob,0.004663
English#EN-Alto-2#Mixed_Voice_and_Falsetto#God is A Girl#Mixed_Voice_Group#0002,D:\-MindEcho-main\ml_dl_models\gtsinger_multitech\dataset\raw\English\EN-Alto-2\Mixed_Voice_and_Falsetto\God is A Girl\Mixed_Voice_Group\0002.wav,English/EN-Alto-2/Mixed_Voice_and_Falsetto/God is A Girl/Mixed_Voice_Group/0002.wav,English,EN-Alto-2,God is A Girl,Mixed_Voice_Group,1,0,0,0,0,0,1,clear_mix,100000,positive_mix,0.006127,0.418873,hard_positive,11,96,mix_prob,0.006127
English#EN-Alto-2#Breathy#Love Me Like You Do#Control_Group#0006,D:\-MindEcho-main\ml_dl_models\gtsinger_multitech\dataset\raw\English\EN-Alto-2\Breathy\Love Me Like You Do\Control_Group\0006.wav,English/EN-Alto-2/Breathy/Love Me Like You Do/Control_Group/0006.wav,English,EN-Alto-2,Love Me Like You Do,Control_Group,1,0,0,0,1,0,1,clear_mix,100010,positive_mix,0.006526,0.418474,hard_positive,12,96,mix_prob,0.006526
English#EN-Alto-2#Glissando#My Heart Will Go On#Control_Group#0002,D:\-MindEcho-main\ml_dl_models\gtsinger_multitech\dataset\raw\English\EN-Alto-2\Glissando\My Heart Will Go On\Control_Group\0002.wav,English/EN-Alto-2/Glissando/My Heart Will Go On/Control_Group/0002.wav,English,EN-Alto-2,My Heart Will Go On,Control_Group,1,0,0,0,1,0,1,clear_mix,100010,positive_mix,0.00712,0.41788,hard_positive,13,96,mix_prob,0.00712
English#EN-Alto-2#Breathy#My Heart Will Go On#Control_Group#0008,D:\-MindEcho-main\ml_dl_models\gtsinger_multitech\dataset\raw\English\EN-Alto-2\Breathy\My Heart Will Go On\Control_Group\0008.wav,English/EN-Alto-2/Breathy/My Heart Will Go On/Control_Group/0008.wav,English,EN-Alto-2,My Heart Will Go On,Control_Group,1,0,0,0,1,0,1,clear_mix,100010,positive_mix,0.008134,0.416866,hard_positive,14,96,mix_prob,0.008134
English#EN-Alto-2#Glissando#My Heart Will Go On#Control_Group#0008,D:\-MindEcho-main\ml_dl_models\gtsinger_multitech\dataset\raw\English\EN-Alto-2\Glissando\My Heart Will Go On\Control_Group\0008.wav,English/EN-Alto-2/Glissando/My Heart Will Go On/Control_Group/0008.wav,English,EN-Alto-2,My Heart Will Go On,Control_Group,1,0,0,0,1,0,1,clear_mix,100010,positive_mix,0.008134,0.416866,hard_positive,15,96,mix_prob,0.008134
English#EN-Alto-2#Vibrato#My Heart Will Go On#Control_Group#0008,D:\-MindEcho-main\ml_dl_models\gtsinger_multitech\dataset\raw\English\EN-Alto-2\Vibrato\My Heart Will Go On\Control_Group\0008.wav,English/EN-Alto-2/Vibrato/My Heart Will Go On/Control_Group/0008.wav,English,EN-Alto-2,My Heart Will Go On,Control_Group,1,0,0,0,1,0,1,clear_mix,100010,positive_mix,0.008134,0.416866,hard_positive,16,96,mix_prob,0.008134
English#EN-Alto-2#Breathy#Easy On Me#Control_Group#0003,D:\-MindEcho-main\ml_dl_models\gtsinger_multitech\dataset\raw\English\EN-Alto-2\Breathy\Easy On Me\Control_Group\0003.wav,English/EN-Alto-2/Breathy/Easy On Me/Control_Group/0003.wav,English,EN-Alto-2,Easy On Me,Control_Group,1,0,0,0,1,0,1,clear_mix,100010,positive_mix,0.010443,0.414557,hard_positive,17,96,mix_prob,0.010443
English#EN-Alto-2#Glissando#Easy On Me#Control_Group#0003,D:\-MindEcho-main\ml_dl_models\gtsinger_multitech\dataset\raw\English\EN-Alto-2\Glissando\Easy On Me\Control_Group\0003.wav,English/EN-Alto-2/Glissando/Easy On Me/Control_Group/0003.wav,English,EN-Alto-2,Easy On Me,Control_Group,1,0,0,0,1,0,1,clear_mix,100010,positive_mix,0.010443,0.414557,hard_positive,18,96,mix_prob,0.010443
English#EN-Alto-2#Mixed_Voice_and_Falsetto#Easy On Me#Mixed_Voice_Group#0003,D:\-MindEcho-main\ml_dl_models\gtsinger_multitech\dataset\raw\English\EN-Alto-2\Mixed_Voice_and_Falsetto\Easy On Me\Mixed_Voice_Group\0003.wav,English/EN-Alto-2/Mixed_Voice_and_Falsetto/Easy On Me/Mixed_Voice_Group/0003.wav,English,EN-Alto-2,Easy On Me,Mixed_Voice_Group,1,0,0,0,1,0,1,clear_mix,100010,positive_mix,0.010443,0.414557,hard_positive,19,96,mix_prob,0.010443
English#EN-Alto-2#Pharyngeal#Easy On Me#Control_Group#0003,D:\-MindEcho-main\ml_dl_models\gtsinger_multitech\dataset\raw\English\EN-Alto-2\Pharyngeal\Easy On Me\Control_Group\0003.wav,English/EN-Alto-2/Pharyngeal/Easy On Me/Control_Group/0003.wav,English,EN-Alto-2,Easy On Me,Control_Group,1,0,0,0,1,0,1,clear_mix,100010,positive_mix,0.010443,0.414557,hard_positive,20,96,mix_prob,0.010443
English#EN-Alto-2#Vibrato#All of Me#Control_Group#0005,D:\-MindEcho-main\ml_dl_models\gtsinger_multitech\dataset\raw\English\EN-Alto-2\Vibrato\All of Me\Control_Group\0005.wav,English/EN-Alto-2/Vibrato/All of Me/Control_Group/0005.wav,English,EN-Alto-2,All of Me,Control_Group,1,0,0,0,1,0,1,clear_mix,100010,positive_mix,0.011326,0.413674,hard_positive,21,96,mix_prob,0.011326
English#EN-Alto-2#Pharyngeal#What Are Words#Pharyngeal_Group#0001,D:\-MindEcho-main\ml_dl_models\gtsinger_multitech\dataset\raw\English\EN-Alto-2\Pharyngeal\What Are Words\Pharyngeal_Group\0001.wav,English/EN-Alto-2/Pharyngeal/What Are Words/Pharyngeal_Group/0001.wav,English,EN-Alto-2,What Are Words,Pharyngeal_Group,1,0,0,0,1,1,1,clear_mix,100011,positive_mix,0.01195,0.41305,hard_positive,22,96,mix_prob,0.01195
English#EN-Alto-2#Breathy#All of Me#Control_Group#0006,D:\-MindEcho-main\ml_dl_models\gtsinger_multitech\dataset\raw\English\EN-Alto-2\Breathy\All of Me\Control_Group\0006.wav,English/EN-Alto-2/Breathy/All of Me/Control_Group/0006.wav,English,EN-Alto-2,All of Me,Control_Group,1,0,0,0,1,0,1,clear_mix,100010,positive_mix,0.014528,0.410472,hard_positive,23,96,mix_prob,0.014528
English#EN-Alto-2#Glissando#All of Me#Control_Group#0006,D:\-MindEcho-main\ml_dl_models\gtsinger_multitech\dataset\raw\English\EN-Alto-2\Glissando\All of Me\Control_Group\0006.wav,English/EN-Alto-2/Glissando/All of Me/Control_Group/0006.wav,English,EN-Alto-2,All of Me,Control_Group,1,0,0,0,1,0,1,clear_mix,100010,positive_mix,0.014528,0.410472,hard_positive,24,96,mix_prob,0.014528
English#EN-Alto-2#Pharyngeal#All of Me#Control_Group#0006,D:\-MindEcho-main\ml_dl_models\gtsinger_multitech\dataset\raw\English\EN-Alto-2\Pharyngeal\All of Me\Control_Group\0006.wav,English/EN-Alto-2/Pharyngeal/All of Me/Control_Group/0006.wav,English,EN-Alto-2,All of Me,Control_Group,1,0,0,0,1,0,1,clear_mix,100010,positive_mix,0.014528,0.410472,hard_positive,25,96,mix_prob,0.014528
English#EN-Alto-2#Mixed_Voice_and_Falsetto#YOUTH#Mixed_Voice_Group#0000,D:\-MindEcho-main\ml_dl_models\gtsinger_multitech\dataset\raw\English\EN-Alto-2\Mixed_Voice_and_Falsetto\YOUTH\Mixed_Voice_Group\0000.wav,English/EN-Alto-2/Mixed_Voice_and_Falsetto/YOUTH/Mixed_Voice_Group/0000.wav,English,EN-Alto-2,YOUTH,Mixed_Voice_Group,1,0,0,0,1,0,1,clear_mix,100010,positive_mix,0.014658,0.410342,hard_positive,26,96,mix_prob,0.014658
English#EN-Alto-2#Glissando#A Thousand Years#Control_Group#0006,D:\-MindEcho-main\ml_dl_models\gtsinger_multitech\dataset\raw\English\EN-Alto-2\Glissando\A Thousand Years\Control_Group\0006.wav,English/EN-Alto-2/Glissando/A Thousand Years/Control_Group/0006.wav,English,EN-Alto-2,A Thousand Years,Control_Group,1,0,0,0,1,0,1,clear_mix,100010,positive_mix,0.014804,0.410196,hard_positive,27,96,mix_prob,0.014804
English#EN-Alto-2#Vibrato#A Thousand Years#Control_Group#0006,D:\-MindEcho-main\ml_dl_models\gtsinger_multitech\dataset\raw\English\EN-Alto-2\Vibrato\A Thousand Years\Control_Group\0006.wav,English/EN-Alto-2/Vibrato/A Thousand Years/Control_Group/0006.wav,English,EN-Alto-2,A Thousand Years,Control_Group,1,0,0,0,1,0,1,clear_mix,100010,positive_mix,0.014804,0.410196,hard_positive,28,96,mix_prob,0.014804
English#EN-Alto-2#Pharyngeal#A Thousand Years#Control_Group#0001,D:\-MindEcho-main\ml_dl_models\gtsinger_multitech\dataset\raw\English\EN-Alto-2\Pharyngeal\A Thousand Years\Control_Group\0001.wav,English/EN-Alto-2/Pharyngeal/A Thousand Years/Control_Group/0001.wav,English,EN-Alto-2,A Thousand Years,Control_Group,1,0,0,0,1,0,1,clear_mix,100010,positive_mix,0.015507,0.409493,hard_positive,29,96,mix_prob,0.015507
English#EN-Alto-2#Glissando#My Love#Control_Group#0005,D:\-MindEcho-main\ml_dl_models\gtsinger_multitech\dataset\raw\English\EN-Alto-2\Glissando\My Love\Control_Group\0005.wav,English/EN-Alto-2/Glissando/My Love/Control_Group/0005.wav,English,EN-Alto-2,My Love,Control_Group,1,0,0,0,0,0,1,clear_mix,100000,positive_mix,0.01637,0.40863,hard_positive,30,96,mix_prob,0.01637
English#EN-Alto-2#Pharyngeal#Love Story#Pharyngeal_Group#0003,D:\-MindEcho-main\ml_dl_models\gtsinger_multitech\dataset\raw\English\EN-Alto-2\Pharyngeal\Love Story\Pharyngeal_Group\0003.wav,English/EN-Alto-2/Pharyngeal/Love Story/Pharyngeal_Group/0003.wav,English,EN-Alto-2,Love Story,Pharyngeal_Group,1,0,0,1,1,1,1,clear_mix,100111,positive_mix,0.016618,0.408382,hard_positive,31,96,mix_prob,0.016618
English#EN-Alto-2#Mixed_Voice_and_Falsetto#Let Her Go#Mixed_Voice_Group#0003,D:\-MindEcho-main\ml_dl_models\gtsinger_multitech\dataset\raw\English\EN-Alto-2\Mixed_Voice_and_Falsetto\Let Her Go\Mixed_Voice_Group\0003.wav,English/EN-Alto-2/Mixed_Voice_and_Falsetto/Let Her Go/Mixed_Voice_Group/0003.wav,English,EN-Alto-2,Let Her Go,Mixed_Voice_Group,1,0,0,0,1,0,1,clear_mix,100010,positive_mix,0.016877,0.408123,hard_positive,32,96,mix_prob,0.016877
English#EN-Alto-2#Vibrato#My Love#Control_Group#0006,D:\-MindEcho-main\ml_dl_models\gtsinger_multitech\dataset\raw\English\EN-Alto-2\Vibrato\My Love\Control_Group\0006.wav,English/EN-Alto-2/Vibrato/My Love/Control_Group/0006.wav,English,EN-Alto-2,My Love,Control_Group,1,0,0,0,1,0,1,clear_mix,100010,positive_mix,0.01767,0.40733,hard_positive,33,96,mix_prob,0.01767
English#EN-Alto-2#Pharyngeal#Yesterday Once More#Control_Group#0008,D:\-MindEcho-main\ml_dl_models\gtsinger_multitech\dataset\raw\English\EN-Alto-2\Pharyngeal\Yesterday Once More\Control_Group\0008.wav,English/EN-Alto-2/Pharyngeal/Yesterday Once More/Control_Group/0008.wav,English,EN-Alto-2,Yesterday Once More,Control_Group,1,0,0,0,0,0,1,clear_mix,100000,positive_mix,0.018452,0.406548,hard_positive,34,96,mix_prob,0.018452
English#EN-Alto-2#Mixed_Voice_and_Falsetto#God is A Girl#Mixed_Voice_Group#0006,D:\-MindEcho-main\ml_dl_models\gtsinger_multitech\dataset\raw\English\EN-Alto-2\Mixed_Voice_and_Falsetto\God is A Girl\Mixed_Voice_Group\0006.wav,English/EN-Alto-2/Mixed_Voice_and_Falsetto/God is A Girl/Mixed_Voice_Group/0006.wav,English,EN-Alto-2,God is A Girl,Mixed_Voice_Group,1,0,0,0,0,0,1,clear_mix,100000,positive_mix,0.018576,0.406424,hard_positive,35,96,mix_prob,0.018576
English#EN-Alto-2#Breathy#Yesterday Once More#Control_Group#0004,D:\-MindEcho-main\ml_dl_models\gtsinger_multitech\dataset\raw\English\EN-Alto-2\Breathy\Yesterday Once More\Control_Group\0004.wav,English/EN-Alto-2/Breathy/Yesterday Once More/Control_Group/0004.wav,English,EN-Alto-2,Yesterday Once More,Control_Group,1,0,0,0,1,0,1,clear_mix,100010,positive_mix,0.019531,0.405469,hard_positive,36,96,mix_prob,0.019531
English#EN-Alto-2#Glissando#Yesterday Once More#Control_Group#0004,D:\-MindEcho-main\ml_dl_models\gtsinger_multitech\dataset\raw\English\EN-Alto-2\Glissando\Yesterday Once More\Control_Group\0004.wav,English/EN-Alto-2/Glissando/Yesterday Once More/Control_Group/0004.wav,English,EN-Alto-2,Yesterday Once More,Control_Group,1,0,0,0,0,0,1,clear_mix,100000,positive_mix,0.019531,0.405469,hard_positive,37,96,mix_prob,0.019531
English#EN-Alto-2#Pharyngeal#Yesterday Once More#Control_Group#0004,D:\-MindEcho-main\ml_dl_models\gtsinger_multitech\dataset\raw\English\EN-Alto-2\Pharyngeal\Yesterday Once More\Control_Group\0004.wav,English/EN-Alto-2/Pharyngeal/Yesterday Once More/Control_Group/0004.wav,English,EN-Alto-2,Yesterday Once More,Control_Group,1,0,0,0,1,0,1,clear_mix,100010,positive_mix,0.019531,0.405469,hard_positive,38,96,mix_prob,0.019531
English#EN-Alto-2#Mixed_Voice_and_Falsetto#YOUTH#Mixed_Voice_Group#0004,D:\-MindEcho-main\ml_dl_models\gtsinger_multitech\dataset\raw\English\EN-Alto-2\Mixed_Voice_and_Falsetto\YOUTH\Mixed_Voice_Group\0004.wav,English/EN-Alto-2/Mixed_Voice_and_Falsetto/YOUTH/Mixed_Voice_Group/0004.wav,English,EN-Alto-2,YOUTH,Mixed_Voice_Group,1,0,0,0,1,0,1,clear_mix,100010,positive_mix,0.019934,0.405066,hard_positive,39,96,mix_prob,0.019934
English#EN-Alto-2#Mixed_Voice_and_Falsetto#Let It Go#Mixed_Voice_Group#0001,D:\-MindEcho-main\ml_dl_models\gtsinger_multitech\dataset\raw\English\EN-Alto-2\Mixed_Voice_and_Falsetto\Let It Go\Mixed_Voice_Group\0001.wav,English/EN-Alto-2/Mixed_Voice_and_Falsetto/Let It Go/Mixed_Voice_Group/0001.wav,English,EN-Alto-2,Let It Go,Mixed_Voice_Group,1,0,0,0,1,0,1,clear_mix,100010,positive_mix,0.020799,0.404201,hard_positive,40,96,mix_prob,0.020799
English#EN-Alto-2#Mixed_Voice_and_Falsetto#Call Me Maybe#Mixed_Voice_Group#0001,D:\-MindEcho-main\ml_dl_models\gtsinger_multitech\dataset\raw\English\EN-Alto-2\Mixed_Voice_and_Falsetto\Call Me Maybe\Mixed_Voice_Group\0001.wav,English/EN-Alto-2/Mixed_Voice_and_Falsetto/Call Me Maybe/Mixed_Voice_Group/0001.wav,English,EN-Alto-2,Call Me Maybe,Mixed_Voice_Group,1,0,0,0,1,0,1,clear_mix,100010,positive_mix,0.021873,0.403127,hard_positive,41,96,mix_prob,0.021873
English#EN-Alto-2#Mixed_Voice_and_Falsetto#Young And Beautiful#Mixed_Voice_Group#0004,D:\-MindEcho-main\ml_dl_models\gtsinger_multitech\dataset\raw\English\EN-Alto-2\Mixed_Voice_and_Falsetto\Young And Beautiful\Mixed_Voice_Group\0004.wav,English/EN-Alto-2/Mixed_Voice_and_Falsetto/Young And Beautiful/Mixed_Voice_Group/0004.wav,English,EN-Alto-2,Young And Beautiful,Mixed_Voice_Group,1,0,0,0,1,0,1,clear_mix,100010,positive_mix,0.023966,0.401034,hard_positive,42,96,mix_prob,0.023966
English#EN-Alto-2#Pharyngeal#Young And Beautiful#Control_Group#0004,D:\-MindEcho-main\ml_dl_models\gtsinger_multitech\dataset\raw\English\EN-Alto-2\Pharyngeal\Young And Beautiful\Control_Group\0004.wav,English/EN-Alto-2/Pharyngeal/Young And Beautiful/Control_Group/0004.wav,English,EN-Alto-2,Young And Beautiful,Control_Group,1,0,0,0,1,0,1,clear_mix,100010,positive_mix,0.023966,0.401034,hard_positive,43,96,mix_prob,0.023966
English#EN-Alto-2#Mixed_Voice_and_Falsetto#A Thousand Years#Mixed_Voice_Group#0006,D:\-MindEcho-main\ml_dl_models\gtsinger_multitech\dataset\raw\English\EN-Alto-2\Mixed_Voice_and_Falsetto\A Thousand Years\Mixed_Voice_Group\0006.wav,English/EN-Alto-2/Mixed_Voice_and_Falsetto/A Thousand Years/Mixed_Voice_Group/0006.wav,English,EN-Alto-2,A Thousand Years,Mixed_Voice_Group,1,0,0,0,1,0,1,clear_mix,100010,positive_mix,0.024801,0.400199,hard_positive,44,96,mix_prob,0.024801
English#EN-Alto-2#Mixed_Voice_and_Falsetto#Five Hundred Miles#Mixed_Voice_Group#0002,D:\-MindEcho-main\ml_dl_models\gtsinger_multitech\dataset\raw\English\EN-Alto-2\Mixed_Voice_and_Falsetto\Five Hundred Miles\Mixed_Voice_Group\0002.wav,English/EN-Alto-2/Mixed_Voice_and_Falsetto/Five Hundred Miles/Mixed_Voice_Group/0002.wav,English,EN-Alto-2,Five Hundred Miles,Mixed_Voice_Group,1,0,0,0,1,0,1,clear_mix,100010,positive_mix,0.024924,0.400076,hard_positive,45,96,mix_prob,0.024924
English#EN-Alto-2#Glissando#You Raise Me Up#Control_Group#0004,D:\-MindEcho-main\ml_dl_models\gtsinger_multitech\dataset\raw\English\EN-Alto-2\Glissando\You Raise Me Up\Control_Group\0004.wav,English/EN-Alto-2/Glissando/You Raise Me Up/Control_Group/0004.wav,English,EN-Alto-2,You Raise Me Up,Control_Group,1,0,0,0,1,0,1,clear_mix,100010,positive_mix,0.025981,0.399019,hard_positive,46,96,mix_prob,0.025981
English#EN-Alto-2#Pharyngeal#You Raise Me Up#Control_Group#0004,D:\-MindEcho-main\ml_dl_models\gtsinger_multitech\dataset\raw\English\EN-Alto-2\Pharyngeal\You Raise Me Up\Control_Group\0004.wav,English/EN-Alto-2/Pharyngeal/You Raise Me Up/Control_Group/0004.wav,English,EN-Alto-2,You Raise Me Up,Control_Group,1,0,0,0,1,0,1,clear_mix,100010,positive_mix,0.025981,0.399019,hard_positive,47,96,mix_prob,0.025981
English#EN-Alto-2#Mixed_Voice_and_Falsetto#Five Hundred Miles#Mixed_Voice_Group#0007,D:\-MindEcho-main\ml_dl_models\gtsinger_multitech\dataset\raw\English\EN-Alto-2\Mixed_Voice_and_Falsetto\Five Hundred Miles\Mixed_Voice_Group\0007.wav,English/EN-Alto-2/Mixed_Voice_and_Falsetto/Five Hundred Miles/Mixed_Voice_Group/0007.wav,English,EN-Alto-2,Five Hundred Miles,Mixed_Voice_Group,1,0,0,0,1,0,1,clear_mix,100010,positive_mix,0.027445,0.397555,hard_positive,48,96,mix_prob,0.027445
English#EN-Alto-2#Glissando#You Raise Me Up#Control_Group#0002,D:\-MindEcho-main\ml_dl_models\gtsinger_multitech\dataset\raw\English\EN-Alto-2\Glissando\You Raise Me Up\Control_Group\0002.wav,English/EN-Alto-2/Glissando/You Raise Me Up/Control_Group/0002.wav,English,EN-Alto-2,You Raise Me Up,Control_Group,1,0,0,0,1,0,1,clear_mix,100010,positive_mix,0.027817,0.397183,hard_positive,49,96,mix_prob,0.027817
English#EN-Alto-2#Pharyngeal#You Raise Me Up#Control_Group#0002,D:\-MindEcho-main\ml_dl_models\gtsinger_multitech\dataset\raw\English\EN-Alto-2\Pharyngeal\You Raise Me Up\Control_Group\0002.wav,English/EN-Alto-2/Pharyngeal/You Raise Me Up/Control_Group/0002.wav,English,EN-Alto-2,You Raise Me Up,Control_Group,1,0,0,0,1,0,1,clear_mix,100010,positive_mix,0.027817,0.397183,hard_positive,50,96,mix_prob,0.027817
English#EN-Alto-2#Mixed_Voice_and_Falsetto#God is A Girl#Mixed_Voice_Group#0007,D:\-MindEcho-main\ml_dl_models\gtsinger_multitech\dataset\raw\English\EN-Alto-2\Mixed_Voice_and_Falsetto\God is A Girl\Mixed_Voice_Group\0007.wav,English/EN-Alto-2/Mixed_Voice_and_Falsetto/God is A Girl/Mixed_Voice_Group/0007.wav,English,EN-Alto-2,God is A Girl,Mixed_Voice_Group,1,0,0,0,1,0,1,clear_mix,100010,positive_mix,0.028015,0.396985,hard_positive,51,96,mix_prob,0.028015
English#EN-Alto-2#Breathy#Young And Beautiful#Control_Group#0004,D:\-MindEcho-main\ml_dl_models\gtsinger_multitech\dataset\raw\English\EN-Alto-2\Breathy\Young And Beautiful\Control_Group\0004.wav,English/EN-Alto-2/Breathy/Young And Beautiful/Control_Group/0004.wav,English,EN-Alto-2,Young And Beautiful,Control_Group,1,0,0,0,1,0,1,clear_mix,100010,positive_mix,0.028917,0.396083,hard_positive,52,96,mix_prob,0.028917
English#EN-Alto-2#Glissando#Young And Beautiful#Control_Group#0004,D:\-MindEcho-main\ml_dl_models\gtsinger_multitech\dataset\raw\English\EN-Alto-2\Glissando\Young And Beautiful\Control_Group\0004.wav,English/EN-Alto-2/Glissando/Young And Beautiful/Control_Group/0004.wav,English,EN-Alto-2,Young And Beautiful,Control_Group,1,0,0,0,1,0,1,clear_mix,100010,positive_mix,0.028917,0.396083,hard_positive,53,96,mix_prob,0.028917
English#EN-Alto-2#Breathy#Safe and Sound#Control_Group#0002,D:\-MindEcho-main\ml_dl_models\gtsinger_multitech\dataset\raw\English\EN-Alto-2\Breathy\Safe and Sound\Control_Group\0002.wav,English/EN-Alto-2/Breathy/Safe and Sound/Control_Group/0002.wav,English,EN-Alto-2,Safe and Sound,Control_Group,1,0,0,0,1,0,1,clear_mix,100010,positive_mix,0.029137,0.395863,hard_positive,54,96,mix_prob,0.029137
English#EN-Alto-2#Glissando#Safe and Sound#Control_Group#0002,D:\-MindEcho-main\ml_dl_models\gtsinger_multitech\dataset\raw\English\EN-Alto-2\Glissando\Safe and Sound\Control_Group\0002.wav,English/EN-Alto-2/Glissando/Safe and Sound/Control_Group/0002.wav,English,EN-Alto-2,Safe and Sound,Control_Group,1,0,0,0,1,0,1,clear_mix,100010,positive_mix,0.029137,0.395863,hard_positive,55,96,mix_prob,0.029137
English#EN-Alto-2#Mixed_Voice_and_Falsetto#Safe and Sound#Mixed_Voice_Group#0002,D:\-MindEcho-main\ml_dl_models\gtsinger_multitech\dataset\raw\English\EN-Alto-2\Mixed_Voice_and_Falsetto\Safe and Sound\Mixed_Voice_Group\0002.wav,English/EN-Alto-2/Mixed_Voice_and_Falsetto/Safe and Sound/Mixed_Voice_Group/0002.wav,English,EN-Alto-2,Safe and Sound,Mixed_Voice_Group,1,0,0,0,1,0,1,clear_mix,100010,positive_mix,0.029137,0.395863,hard_positive,56,96,mix_prob,0.029137
English#EN-Alto-2#Pharyngeal#Safe and Sound#Control_Group#0002,D:\-MindEcho-main\ml_dl_models\gtsinger_multitech\dataset\raw\English\EN-Alto-2\Pharyngeal\Safe and Sound\Control_Group\0002.wav,English/EN-Alto-2/Pharyngeal/Safe and Sound/Control_Group/0002.wav,English,EN-Alto-2,Safe and Sound,Control_Group,1,0,0,0,1,0,1,clear_mix,100010,positive_mix,0.029137,0.395863,hard_positive,57,96,mix_prob,0.029137
English#EN-Alto-2#Pharyngeal#What Are Words#Pharyngeal_Group#0002,D:\-MindEcho-main\ml_dl_models\gtsinger_multitech\dataset\raw\English\EN-Alto-2\Pharyngeal\What Are Words\Pharyngeal_Group\0002.wav,English/EN-Alto-2/Pharyngeal/What Are Words/Pharyngeal_Group/0002.wav,English,EN-Alto-2,What Are Words,Pharyngeal_Group,1,0,0,0,1,1,1,clear_mix,100011,positive_mix,0.029669,0.395331,hard_positive,58,96,mix_prob,0.029669
English#EN-Alto-2#Mixed_Voice_and_Falsetto#Let Her Go#Mixed_Voice_Group#0005,D:\-MindEcho-main\ml_dl_models\gtsinger_multitech\dataset\raw\English\EN-Alto-2\Mixed_Voice_and_Falsetto\Let Her Go\Mixed_Voice_Group\0005.wav,English/EN-Alto-2/Mixed_Voice_and_Falsetto/Let Her Go/Mixed_Voice_Group/0005.wav,English,EN-Alto-2,Let Her Go,Mixed_Voice_Group,1,0,0,0,1,0,1,clear_mix,100010,positive_mix,0.031777,0.393223,hard_positive,59,96,mix_prob,0.031777
English#EN-Alto-2#Breathy#What Are Words#Control_Group#0003,D:\-MindEcho-main\ml_dl_models\gtsinger_multitech\dataset\raw\English\EN-Alto-2\Breathy\What Are Words\Control_Group\0003.wav,English/EN-Alto-2/Breathy/What Are Words/Control_Group/0003.wav,English,EN-Alto-2,What Are Words,Control_Group,1,0,0,0,1,0,1,clear_mix,100010,positive_mix,0.032783,0.392217,hard_positive,60,96,mix_prob,0.032783
English#EN-Alto-2#Breathy#Fly Me to the Moon#Control_Group#0005,D:\-MindEcho-main\ml_dl_models\gtsinger_multitech\dataset\raw\English\EN-Alto-2\Breathy\Fly Me to the Moon\Control_Group\0005.wav,English/EN-Alto-2/Breathy/Fly Me to the Moon/Control_Group/0005.wav,English,EN-Alto-2,Fly Me to the Moon,Control_Group,1,0,0,0,1,0,1,clear_mix,100010,positive_mix,0.033611,0.391389,hard_positive,61,96,mix_prob,0.033611
English#EN-Alto-2#Glissando#Fly Me to the Moon#Control_Group#0005,D:\-MindEcho-main\ml_dl_models\gtsinger_multitech\dataset\raw\English\EN-Alto-2\Glissando\Fly Me to the Moon\Control_Group\0005.wav,English/EN-Alto-2/Glissando/Fly Me to the Moon/Control_Group/0005.wav,English,EN-Alto-2,Fly Me to the Moon,Control_Group,1,0,0,0,1,0,1,clear_mix,100010,positive_mix,0.033611,0.391389,hard_positive,62,96,mix_prob,0.033611
English#EN-Alto-2#Pharyngeal#Fly Me to the Moon#Control_Group#0005,D:\-MindEcho-main\ml_dl_models\gtsinger_multitech\dataset\raw\English\EN-Alto-2\Pharyngeal\Fly Me to the Moon\Control_Group\0005.wav,English/EN-Alto-2/Pharyngeal/Fly Me to the Moon/Control_Group/0005.wav,English,EN-Alto-2,Fly Me to the Moon,Control_Group,1,0,0,0,1,0,1,clear_mix,100010,positive_mix,0.033611,0.391389,hard_positive,63,96,mix_prob,0.033611
English#EN-Alto-2#Vibrato#Fly Me to the Moon#Control_Group#0005,D:\-MindEcho-main\ml_dl_models\gtsinger_multitech\dataset\raw\English\EN-Alto-2\Vibrato\Fly Me to the Moon\Control_Group\0005.wav,English/EN-Alto-2/Vibrato/Fly Me to the Moon/Control_Group/0005.wav,English,EN-Alto-2,Fly Me to the Moon,Control_Group,1,0,0,0,1,0,1,clear_mix,100010,positive_mix,0.033611,0.391389,hard_positive,64,96,mix_prob,0.033611
English#EN-Alto-2#Mixed_Voice_and_Falsetto#The Show#Mixed_Voice_Group#0004,D:\-MindEcho-main\ml_dl_models\gtsinger_multitech\dataset\raw\English\EN-Alto-2\Mixed_Voice_and_Falsetto\The Show\Mixed_Voice_Group\0004.wav,English/EN-Alto-2/Mixed_Voice_and_Falsetto/The Show/Mixed_Voice_Group/0004.wav,English,EN-Alto-2,The Show,Mixed_Voice_Group,1,0,0,0,0,0,1,clear_mix,100000,positive_mix,0.035108,0.389892,hard_positive,65,96,mix_prob,0.035108
English#EN-Alto-2#Mixed_Voice_and_Falsetto#Call Me Maybe#Mixed_Voice_Group#0004,D:\-MindEcho-main\ml_dl_models\gtsinger_multitech\dataset\raw\English\EN-Alto-2\Mixed_Voice_and_Falsetto\Call Me Maybe\Mixed_Voice_Group\0004.wav,English/EN-Alto-2/Mixed_Voice_and_Falsetto/Call Me Maybe/Mixed_Voice_Group/0004.wav,English,EN-Alto-2,Call Me Maybe,Mixed_Voice_Group,1,0,0,0,1,0,1,clear_mix,100010,positive_mix,0.036507,0.388493,hard_positive,66,96,mix_prob,0.036507
English#EN-Alto-2#Mixed_Voice_and_Falsetto#YOUTH#Mixed_Voice_Group#0001,D:\-MindEcho-main\ml_dl_models\gtsinger_multitech\dataset\raw\English\EN-Alto-2\Mixed_Voice_and_Falsetto\YOUTH\Mixed_Voice_Group\0001.wav,English/EN-Alto-2/Mixed_Voice_and_Falsetto/YOUTH/Mixed_Voice_Group/0001.wav,English,EN-Alto-2,YOUTH,Mixed_Voice_Group,1,0,0,0,1,0,1,clear_mix,100010,positive_mix,0.041252,0.383748,hard_positive,67,96,mix_prob,0.041252
English#EN-Alto-2#Pharyngeal#Someone Like You#Control_Group#0004,D:\-MindEcho-main\ml_dl_models\gtsinger_multitech\dataset\raw\English\EN-Alto-2\Pharyngeal\Someone Like You\Control_Group\0004.wav,English/EN-Alto-2/Pharyngeal/Someone Like You/Control_Group/0004.wav,English,EN-Alto-2,Someone Like You,Control_Group,1,0,0,0,1,0,1,clear_mix,100010,positive_mix,0.042048,0.382952,hard_positive,68,96,mix_prob,0.042048
English#EN-Alto-2#Vibrato#Someone Like You#Control_Group#0004,D:\-MindEcho-main\ml_dl_models\gtsinger_multitech\dataset\raw\English\EN-Alto-2\Vibrato\Someone Like You\Control_Group\0004.wav,English/EN-Alto-2/Vibrato/Someone Like You/Control_Group/0004.wav,English,EN-Alto-2,Someone Like You,Control_Group,1,0,0,0,1,0,1,clear_mix,100010,positive_mix,0.042174,0.382826,hard_positive,69,96,mix_prob,0.042174
English#EN-Alto-2#Mixed_Voice_and_Falsetto#God is A Girl#Mixed_Voice_Group#0005,D:\-MindEcho-main\ml_dl_models\gtsinger_multitech\dataset\raw\English\EN-Alto-2\Mixed_Voice_and_Falsetto\God is A Girl\Mixed_Voice_Group\0005.wav,English/EN-Alto-2/Mixed_Voice_and_Falsetto/God is A Girl/Mixed_Voice_Group/0005.wav,English,EN-Alto-2,God is A Girl,Mixed_Voice_Group,1,0,0,0,1,0,1,clear_mix,100010,positive_mix,0.044294,0.380706,hard_positive,70,96,mix_prob,0.044294
English#EN-Alto-2#Mixed_Voice_and_Falsetto#Someone Like You#Mixed_Voice_Group#0004,D:\-MindEcho-main\ml_dl_models\gtsinger_multitech\dataset\raw\English\EN-Alto-2\Mixed_Voice_and_Falsetto\Someone Like You\Mixed_Voice_Group\0004.wav,English/EN-Alto-2/Mixed_Voice_and_Falsetto/Someone Like You/Mixed_Voice_Group/0004.wav,English,EN-Alto-2,Someone Like You,Mixed_Voice_Group,1,0,0,0,1,0,1,clear_mix,100010,positive_mix,0.045854,0.379146,hard_positive,71,96,mix_prob,0.045854
English#EN-Alto-2#Mixed_Voice_and_Falsetto#Try#Mixed_Voice_Group#0003,D:\-MindEcho-main\ml_dl_models\gtsinger_multitech\dataset\raw\English\EN-Alto-2\Mixed_Voice_and_Falsetto\Try\Mixed_Voice_Group\0003.wav,English/EN-Alto-2/Mixed_Voice_and_Falsetto/Try/Mixed_Voice_Group/0003.wav,English,EN-Alto-2,Try,Mixed_Voice_Group,1,0,0,0,1,0,1,clear_mix,100010,positive_mix,0.046421,0.378579,hard_positive,72,96,mix_prob,0.046421
English#EN-Alto-2#Mixed_Voice_and_Falsetto#YOUTH#Mixed_Voice_Group#0003,D:\-MindEcho-main\ml_dl_models\gtsinger_multitech\dataset\raw\English\EN-Alto-2\Mixed_Voice_and_Falsetto\YOUTH\Mixed_Voice_Group\0003.wav,English/EN-Alto-2/Mixed_Voice_and_Falsetto/YOUTH/Mixed_Voice_Group/0003.wav,English,EN-Alto-2,YOUTH,Mixed_Voice_Group,1,0,0,0,1,0,1,clear_mix,100010,positive_mix,0.046762,0.378238,hard_positive,73,96,mix_prob,0.046762
English#EN-Alto-2#Mixed_Voice_and_Falsetto#Five Hundred Miles#Mixed_Voice_Group#0000,D:\-MindEcho-main\ml_dl_models\gtsinger_multitech\dataset\raw\English\EN-Alto-2\Mixed_Voice_and_Falsetto\Five Hundred Miles\Mixed_Voice_Group\0000.wav,English/EN-Alto-2/Mixed_Voice_and_Falsetto/Five Hundred Miles/Mixed_Voice_Group/0000.wav,English,EN-Alto-2,Five Hundred Miles,Mixed_Voice_Group,1,0,0,0,1,0,1,clear_mix,100010,positive_mix,0.047584,0.377416,hard_positive,74,96,mix_prob,0.047584
English#EN-Alto-2#Mixed_Voice_and_Falsetto#Call Me Maybe#Mixed_Voice_Group#0002,D:\-MindEcho-main\ml_dl_models\gtsinger_multitech\dataset\raw\English\EN-Alto-2\Mixed_Voice_and_Falsetto\Call Me Maybe\Mixed_Voice_Group\0002.wav,English/EN-Alto-2/Mixed_Voice_and_Falsetto/Call Me Maybe/Mixed_Voice_Group/0002.wav,English,EN-Alto-2,Call Me Maybe,Mixed_Voice_Group,1,0,0,0,1,0,1,clear_mix,100010,positive_mix,0.049118,0.375882,hard_positive,75,96,mix_prob,0.049118
English#EN-Alto-2#Breathy#Someone Like You#Control_Group#0004,D:\-MindEcho-main\ml_dl_models\gtsinger_multitech\dataset\raw\English\EN-Alto-2\Breathy\Someone Like You\Control_Group\0004.wav,English/EN-Alto-2/Breathy/Someone Like You/Control_Group/0004.wav,English,EN-Alto-2,Someone Like You,Control_Group,1,0,0,0,1,0,1,clear_mix,100010,positive_mix,0.050063,0.374937,hard_positive,76,96,mix_prob,0.050063
English#EN-Alto-2#Mixed_Voice_and_Falsetto#City Of Stars#Mixed_Voice_Group#0009,D:\-MindEcho-main\ml_dl_models\gtsinger_multitech\dataset\raw\English\EN-Alto-2\Mixed_Voice_and_Falsetto\City Of Stars\Mixed_Voice_Group\0009.wav,English/EN-Alto-2/Mixed_Voice_and_Falsetto/City Of Stars/Mixed_Voice_Group/0009.wav,English,EN-Alto-2,City Of Stars,Mixed_Voice_Group,1,0,0,0,0,0,1,clear_mix,100000,positive_mix,0.057018,0.367982,hard_positive,77,96,mix_prob,0.057018
English#EN-Alto-2#Mixed_Voice_and_Falsetto#This Is Me#Mixed_Voice_Group#0005,D:\-MindEcho-main\ml_dl_models\gtsinger_multitech\dataset\raw\English\EN-Alto-2\Mixed_Voice_and_Falsetto\This Is Me\Mixed_Voice_Group\0005.wav,English/EN-Alto-2/Mixed_Voice_and_Falsetto/This Is Me/Mixed_Voice_Group/0005.wav,English,EN-Alto-2,This Is Me,Mixed_Voice_Group,1,0,0,0,1,0,1,clear_mix,100010,positive_mix,0.057326,0.367674,hard_positive,78,96,mix_prob,0.057326
English#EN-Alto-2#Mixed_Voice_and_Falsetto#Let Her Go#Mixed_Voice_Group#0004,D:\-MindEcho-main\ml_dl_models\gtsinger_multitech\dataset\raw\English\EN-Alto-2\Mixed_Voice_and_Falsetto\Let Her Go\Mixed_Voice_Group\0004.wav,English/EN-Alto-2/Mixed_Voice_and_Falsetto/Let Her Go/Mixed_Voice_Group/0004.wav,English,EN-Alto-2,Let Her Go,Mixed_Voice_Group,1,0,0,0,1,0,1,clear_mix,100010,positive_mix,0.058256,0.366744,hard_positive,79,96,mix_prob,0.058256
English#EN-Alto-2#Breathy#Someone You Loved#Control_Group#0005,D:\-MindEcho-main\ml_dl_models\gtsinger_multitech\dataset\raw\English\EN-Alto-2\Breathy\Someone You Loved\Control_Group\0005.wav,English/EN-Alto-2/Breathy/Someone You Loved/Control_Group/0005.wav,English,EN-Alto-2,Someone You Loved,Control_Group,1,0,0,0,1,0,1,clear_mix,100010,positive_mix,0.058932,0.366068,hard_positive,80,96,mix_prob,0.058932
English#EN-Alto-2#Glissando#Someone You Loved#Control_Group#0005,D:\-MindEcho-main\ml_dl_models\gtsinger_multitech\dataset\raw\English\EN-Alto-2\Glissando\Someone You Loved\Control_Group\0005.wav,English/EN-Alto-2/Glissando/Someone You Loved/Control_Group/0005.wav,English,EN-Alto-2,Someone You Loved,Control_Group,1,0,0,0,1,0,1,clear_mix,100010,positive_mix,0.058932,0.366068,hard_positive,81,96,mix_prob,0.058932
English#EN-Alto-2#Pharyngeal#Someone You Loved#Control_Group#0005,D:\-MindEcho-main\ml_dl_models\gtsinger_multitech\dataset\raw\English\EN-Alto-2\Pharyngeal\Someone You Loved\Control_Group\0005.wav,English/EN-Alto-2/Pharyngeal/Someone You Loved/Control_Group/0005.wav,English,EN-Alto-2,Someone You Loved,Control_Group,1,0,0,0,1,0,1,clear_mix,100010,positive_mix,0.058932,0.366068,hard_positive,82,96,mix_prob,0.058932
English#EN-Alto-2#Vibrato#Someone You Loved#Control_Group#0005,D:\-MindEcho-main\ml_dl_models\gtsinger_multitech\dataset\raw\English\EN-Alto-2\Vibrato\Someone You Loved\Control_Group\0005.wav,English/EN-Alto-2/Vibrato/Someone You Loved/Control_Group/0005.wav,English,EN-Alto-2,Someone You Loved,Control_Group,1,0,0,0,1,0,1,clear_mix,100010,positive_mix,0.058932,0.366068,hard_positive,83,96,mix_prob,0.058932
English#EN-Alto-2#Mixed_Voice_and_Falsetto#Five Hundred Miles#Mixed_Voice_Group#0001,D:\-MindEcho-main\ml_dl_models\gtsinger_multitech\dataset\raw\English\EN-Alto-2\Mixed_Voice_and_Falsetto\Five Hundred Miles\Mixed_Voice_Group\0001.wav,English/EN-Alto-2/Mixed_Voice_and_Falsetto/Five Hundred Miles/Mixed_Voice_Group/0001.wav,English,EN-Alto-2,Five Hundred Miles,Mixed_Voice_Group,1,0,0,0,1,0,1,clear_mix,100010,positive_mix,0.059699,0.365301,hard_positive,84,96,mix_prob,0.059699
English#EN-Alto-2#Mixed_Voice_and_Falsetto#City Of Stars#Mixed_Voice_Group#0004,D:\-MindEcho-main\ml_dl_models\gtsinger_multitech\dataset\raw\English\EN-Alto-2\Mixed_Voice_and_Falsetto\City Of Stars\Mixed_Voice_Group\0004.wav,English/EN-Alto-2/Mixed_Voice_and_Falsetto/City Of Stars/Mixed_Voice_Group/0004.wav,English,EN-Alto-2,City Of Stars,Mixed_Voice_Group,1,0,0,0,1,0,1,clear_mix,100010,positive_mix,0.071761,0.353239,hard_positive,85,96,mix_prob,0.071761
English#EN-Alto-2#Breathy#Dream It Possible#Control_Group#0005,D:\-MindEcho-main\ml_dl_models\gtsinger_multitech\dataset\raw\English\EN-Alto-2\Breathy\Dream It Possible\Control_Group\0005.wav,English/EN-Alto-2/Breathy/Dream It Possible/Control_Group/0005.wav,English,EN-Alto-2,Dream It Possible,Control_Group,1,0,0,0,1,0,1,clear_mix,100010,positive_mix,0.072663,0.352337,hard_positive,86,96,mix_prob,0.072663
English#EN-Alto-2#Glissando#Dream It Possible#Control_Group#0005,D:\-MindEcho-main\ml_dl_models\gtsinger_multitech\dataset\raw\English\EN-Alto-2\Glissando\Dream It Possible\Control_Group\0005.wav,English/EN-Alto-2/Glissando/Dream It Possible/Control_Group/0005.wav,English,EN-Alto-2,Dream It Possible,Control_Group,1,0,0,0,1,0,1,clear_mix,100010,positive_mix,0.072663,0.352337,hard_positive,87,96,mix_prob,0.072663
English#EN-Alto-2#Mixed_Voice_and_Falsetto#Dream It Possible#Mixed_Voice_Group#0005,D:\-MindEcho-main\ml_dl_models\gtsinger_multitech\dataset\raw\English\EN-Alto-2\Mixed_Voice_and_Falsetto\Dream It Possible\Mixed_Voice_Group\0005.wav,English/EN-Alto-2/Mixed_Voice_and_Falsetto/Dream It Possible/Mixed_Voice_Group/0005.wav,English,EN-Alto-2,Dream It Possible,Mixed_Voice_Group,1,0,0,0,1,0,1,clear_mix,100010,positive_mix,0.072663,0.352337,hard_positive,88,96,mix_prob,0.072663
English#EN-Alto-2#Pharyngeal#Dream It Possible#Control_Group#0006,D:\-MindEcho-main\ml_dl_models\gtsinger_multitech\dataset\raw\English\EN-Alto-2\Pharyngeal\Dream It Possible\Control_Group\0006.wav,English/EN-Alto-2/Pharyngeal/Dream It Possible/Control_Group/0006.wav,English,EN-Alto-2,Dream It Possible,Control_Group,1,0,0,0,1,0,1,clear_mix,100010,positive_mix,0.072663,0.352337,hard_positive,89,96,mix_prob,0.072663
English#EN-Alto-2#Mixed_Voice_and_Falsetto#The Show#Mixed_Voice_Group#0002,D:\-MindEcho-main\ml_dl_models\gtsinger_multitech\dataset\raw\English\EN-Alto-2\Mixed_Voice_and_Falsetto\The Show\Mixed_Voice_Group\0002.wav,English/EN-Alto-2/Mixed_Voice_and_Falsetto/The Show/Mixed_Voice_Group/0002.wav,English,EN-Alto-2,The Show,Mixed_Voice_Group,1,0,1,1,1,0,1,breathy_mix,101110,positive_mix,0.076788,0.348212,hard_positive,90,96,mix_prob,0.076788
English#EN-Alto-2#Mixed_Voice_and_Falsetto#City Of Stars#Mixed_Voice_Group#0007,D:\-MindEcho-main\ml_dl_models\gtsinger_multitech\dataset\raw\English\EN-Alto-2\Mixed_Voice_and_Falsetto\City Of Stars\Mixed_Voice_Group\0007.wav,English/EN-Alto-2/Mixed_Voice_and_Falsetto/City Of Stars/Mixed_Voice_Group/0007.wav,English,EN-Alto-2,City Of Stars,Mixed_Voice_Group,1,0,0,0,1,0,1,clear_mix,100010,positive_mix,0.079551,0.345449,hard_positive,91,96,mix_prob,0.079551
English#EN-Alto-2#Mixed_Voice_and_Falsetto#You Belong With Me#Mixed_Voice_Group#0003,D:\-MindEcho-main\ml_dl_models\gtsinger_multitech\dataset\raw\English\EN-Alto-2\Mixed_Voice_and_Falsetto\You Belong With Me\Mixed_Voice_Group\0003.wav,English/EN-Alto-2/Mixed_Voice_and_Falsetto/You Belong With Me/Mixed_Voice_Group/0003.wav,English,EN-Alto-2,You Belong With Me,Mixed_Voice_Group,1,0,0,0,1,0,1,clear_mix,100010,positive_mix,0.081314,0.343686,hard_positive,92,96,mix_prob,0.081314
English#EN-Alto-2#Mixed_Voice_and_Falsetto#Try#Mixed_Voice_Group#0002,D:\-MindEcho-main\ml_dl_models\gtsinger_multitech\dataset\raw\English\EN-Alto-2\Mixed_Voice_and_Falsetto\Try\Mixed_Voice_Group\0002.wav,English/EN-Alto-2/Mixed_Voice_and_Falsetto/Try/Mixed_Voice_Group/0002.wav,English,EN-Alto-2,Try,Mixed_Voice_Group,1,0,0,0,1,0,1,clear_mix,100010,positive_mix,0.081684,0.343316,hard_positive,93,96,mix_prob,0.081684
English#EN-Alto-2#Mixed_Voice_and_Falsetto#Hello#Mixed_Voice_Group#0010,D:\-MindEcho-main\ml_dl_models\gtsinger_multitech\dataset\raw\English\EN-Alto-2\Mixed_Voice_and_Falsetto\Hello\Mixed_Voice_Group\0010.wav,English/EN-Alto-2/Mixed_Voice_and_Falsetto/Hello/Mixed_Voice_Group/0010.wav,English,EN-Alto-2,Hello,Mixed_Voice_Group,1,0,0,0,1,0,1,clear_mix,100010,positive_mix,0.084532,0.340468,hard_positive,94,96,mix_prob,0.084532
English#EN-Alto-2#Mixed_Voice_and_Falsetto#The Show#Mixed_Voice_Group#0000,D:\-MindEcho-main\ml_dl_models\gtsinger_multitech\dataset\raw\English\EN-Alto-2\Mixed_Voice_and_Falsetto\The Show\Mixed_Voice_Group\0000.wav,English/EN-Alto-2/Mixed_Voice_and_Falsetto/The Show/Mixed_Voice_Group/0000.wav,English,EN-Alto-2,The Show,Mixed_Voice_Group,1,0,0,0,1,0,1,clear_mix,100010,positive_mix,0.085435,0.339565,hard_positive,95,96,mix_prob,0.085435
English#EN-Alto-2#Mixed_Voice_and_Falsetto#Cry on My Shoulder#Mixed_Voice_Group#0005,D:\-MindEcho-main\ml_dl_models\gtsinger_multitech\dataset\raw\English\EN-Alto-2\Mixed_Voice_and_Falsetto\Cry on My Shoulder\Mixed_Voice_Group\0005.wav,English/EN-Alto-2/Mixed_Voice_and_Falsetto/Cry on My Shoulder/Mixed_Voice_Group/0005.wav,English,EN-Alto-2,Cry on My Shoulder,Mixed_Voice_Group,1,0,0,0,1,0,1,clear_mix,100010,positive_mix,0.086111,0.338889,hard_positive,96,96,mix_prob,0.086111
