item_name,wav_path,wav_fn,language,singer,song_name,group_name,mix,falsetto,breathy,vibrato,glissando,pharyngeal,any_tech,mix_variant,label_signature,binary_role,mix_prob,fp_margin,increment_selection_role,increment_rank,increment_pool_size,increment_reference_field,increment_reference_value
English#EN-Tenor-1#Mixed_Voice_and_Falsetto#I Knew You Were Trouble#Falsetto_Group#0003,D:\-MindEcho-main\ml_dl_models\gtsinger_multitech\dataset\raw\English\EN-Tenor-1\Mixed_Voice_and_Falsetto\I Knew You Were Trouble\Falsetto_Group\0003.wav,English/EN-Tenor-1/Mixed_Voice_and_Falsetto/I Knew You Were Trouble/Falsetto_Group/0003.wav,English,EN-Tenor-1,I Knew You Were Trouble,Falsetto_Group,0,1,0,0,1,0,1,non_mix,010010,falsetto_group,0.995131,0.570131,hard_negative,1,96,mix_prob,0.995131
English#EN-Tenor-1#Mixed_Voice_and_Falsetto#Always Remember Us This Way#Falsetto_Group#0001,D:\-MindEcho-main\ml_dl_models\gtsinger_multitech\dataset\raw\English\EN-Tenor-1\Mixed_Voice_and_Falsetto\Always Remember Us This Way\Falsetto_Group\0001.wav,English/EN-Tenor-1/Mixed_Voice_and_Falsetto/Always Remember Us This Way/Falsetto_Group/0001.wav,English,EN-Tenor-1,Always Remember Us This Way,Falsetto_Group,0,1,0,0,1,0,1,non_mix,010010,falsetto_group,0.993445,0.568445,hard_negative,2,96,mix_prob,0.993445
English#EN-Tenor-1#Mixed_Voice_and_Falsetto#Unconditionally#Falsetto_Group#0003,D:\-MindEcho-main\ml_dl_models\gtsinger_multitech\dataset\raw\English\EN-Tenor-1\Mixed_Voice_and_Falsetto\Unconditionally\Falsetto_Group\0003.wav,English/EN-Tenor-1/Mixed_Voice_and_Falsetto/Unconditionally/Falsetto_Group/0003.wav,English,EN-Tenor-1,Unconditionally,Falsetto_Group,0,1,0,0,1,0,1,non_mix,010010,falsetto_group,0.99055,0.56555,hard_negative,3,96,mix_prob,0.99055
English#EN-Tenor-1#Mixed_Voice_and_Falsetto#Always Remember Us This Way#Falsetto_Group#0003,D:\-MindEcho-main\ml_dl_models\gtsinger_multitech\dataset\raw\English\EN-Tenor-1\Mixed_Voice_and_Falsetto\Always Remember Us This Way\Falsetto_Group\0003.wav,English/EN-Tenor-1/Mixed_Voice_and_Falsetto/Always Remember Us This Way/Falsetto_Group/0003.wav,English,EN-Tenor-1,Always Remember Us This Way,Falsetto_Group,0,1,0,0,1,0,1,non_mix,010010,falsetto_group,0.98599,0.56099,hard_negative,4,96,mix_prob,0.98599
English#EN-Tenor-1#Mixed_Voice_and_Falsetto#Love on the Brain#Falsetto_Group#0010,D:\-MindEcho-main\ml_dl_models\gtsinger_multitech\dataset\raw\English\EN-Tenor-1\Mixed_Voice_and_Falsetto\Love on the Brain\Falsetto_Group\0010.wav,English/EN-Tenor-1/Mixed_Voice_and_Falsetto/Love on the Brain/Falsetto_Group/0010.wav,English,EN-Tenor-1,Love on the Brain,Falsetto_Group,0,1,0,0,1,0,1,non_mix,010010,falsetto_group,0.982974,0.557974,hard_negative,5,96,mix_prob,0.982974
English#EN-Tenor-1#Mixed_Voice_and_Falsetto#Always Remember Us This Way#Falsetto_Group#0007,D:\-MindEcho-main\ml_dl_models\gtsinger_multitech\dataset\raw\English\EN-Tenor-1\Mixed_Voice_and_Falsetto\Always Remember Us This Way\Falsetto_Group\0007.wav,English/EN-Tenor-1/Mixed_Voice_and_Falsetto/Always Remember Us This Way/Falsetto_Group/0007.wav,English,EN-Tenor-1,Always Remember Us This Way,Falsetto_Group,0,1,0,0,1,0,1,non_mix,010010,falsetto_group,0.981698,0.556698,hard_negative,6,96,mix_prob,0.981698
English#EN-Tenor-1#Mixed_Voice_and_Falsetto#Take a Bow#Falsetto_Group#0006,D:\-MindEcho-main\ml_dl_models\gtsinger_multitech\dataset\raw\English\EN-Tenor-1\Mixed_Voice_and_Falsetto\Take a Bow\Falsetto_Group\0006.wav,English/EN-Tenor-1/Mixed_Voice_and_Falsetto/Take a Bow/Falsetto_Group/0006.wav,English,EN-Tenor-1,Take a Bow,Falsetto_Group,0,1,0,0,0,0,1,non_mix,010000,falsetto_group,0.980686,0.555686,hard_negative,7,96,mix_prob,0.980686
English#EN-Tenor-1#Mixed_Voice_and_Falsetto#Love on the Brain#Falsetto_Group#0008,D:\-MindEcho-main\ml_dl_models\gtsinger_multitech\dataset\raw\English\EN-Tenor-1\Mixed_Voice_and_Falsetto\Love on the Brain\Falsetto_Group\0008.wav,English/EN-Tenor-1/Mixed_Voice_and_Falsetto/Love on the Brain/Falsetto_Group/0008.wav,English,EN-Tenor-1,Love on the Brain,Falsetto_Group,0,1,0,0,1,0,1,non_mix,010010,falsetto_group,0.979094,0.554094,hard_negative,8,96,mix_prob,0.979094
English#EN-Tenor-1#Mixed_Voice_and_Falsetto#Always Remember Us This Way#Falsetto_Group#0008,D:\-MindEcho-main\ml_dl_models\gtsinger_multitech\dataset\raw\English\EN-Tenor-1\Mixed_Voice_and_Falsetto\Always Remember Us This Way\Falsetto_Group\0008.wav,English/EN-Tenor-1/Mixed_Voice_and_Falsetto/Always Remember Us This Way/Falsetto_Group/0008.wav,English,EN-Tenor-1,Always Remember Us This Way,Falsetto_Group,0,1,0,0,0,0,1,non_mix,010000,falsetto_group,0.978126,0.553126,hard_negative,9,96,mix_prob,0.978126
English#EN-Tenor-1#Mixed_Voice_and_Falsetto#Look What You Make Me Do#Control_Group#0001,D:\-MindEcho-main\ml_dl_models\gtsinger_multitech\dataset\raw\English\EN-Tenor-1\Mixed_Voice_and_Falsetto\Look What You Make Me Do\Control_Group\0001.wav,English/EN-Tenor-1/Mixed_Voice_and_Falsetto/Look What You Make Me Do/Control_Group/0001.wav,English,EN-Tenor-1,Look What You Make Me Do,Control_Group,0,0,0,0,1,0,1,non_mix,000010,control_negative,0.977093,0.552093,hard_negative,10,96,mix_prob,0.977093
English#EN-Tenor-1#Mixed_Voice_and_Falsetto#Love on the Brain#Falsetto_Group#0006,D:\-MindEcho-main\ml_dl_models\gtsinger_multitech\dataset\raw\English\EN-Tenor-1\Mixed_Voice_and_Falsetto\Love on the Brain\Falsetto_Group\0006.wav,English/EN-Tenor-1/Mixed_Voice_and_Falsetto/Love on the Brain/Falsetto_Group/0006.wav,English,EN-Tenor-1,Love on the Brain,Falsetto_Group,0,1,0,0,0,0,1,non_mix,010000,falsetto_group,0.972831,0.547831,hard_negative,11,96,mix_prob,0.972831
English#EN-Tenor-1#Mixed_Voice_and_Falsetto#Cardigan#Falsetto_Group#0007,D:\-MindEcho-main\ml_dl_models\gtsinger_multitech\dataset\raw\English\EN-Tenor-1\Mixed_Voice_and_Falsetto\Cardigan\Falsetto_Group\0007.wav,English/EN-Tenor-1/Mixed_Voice_and_Falsetto/Cardigan/Falsetto_Group/0007.wav,English,EN-Tenor-1,Cardigan,Falsetto_Group,0,1,0,0,0,0,1,non_mix,010000,falsetto_group,0.966362,0.541362,hard_negative,12,96,mix_prob,0.966362
English#EN-Tenor-1#Mixed_Voice_and_Falsetto#I Knew You Were Trouble#Falsetto_Group#0004,D:\-MindEcho-main\ml_dl_models\gtsinger_multitech\dataset\raw\English\EN-Tenor-1\Mixed_Voice_and_Falsetto\I Knew You Were Trouble\Falsetto_Group\0004.wav,English/EN-Tenor-1/Mixed_Voice_and_Falsetto/I Knew You Were Trouble/Falsetto_Group/0004.wav,English,EN-Tenor-1,I Knew You Were Trouble,Falsetto_Group,0,1,0,0,0,0,1,non_mix,010000,falsetto_group,0.963894,0.538894,hard_negative,13,96,mix_prob,0.963894
English#EN-Tenor-1#Mixed_Voice_and_Falsetto#Call Out My Name#Falsetto_Group#0003,D:\-MindEcho-main\ml_dl_models\gtsinger_multitech\dataset\raw\English\EN-Tenor-1\Mixed_Voice_and_Falsetto\Call Out My Name\Falsetto_Group\0003.wav,English/EN-Tenor-1/Mixed_Voice_and_Falsetto/Call Out My Name/Falsetto_Group/0003.wav,English,EN-Tenor-1,Call Out My Name,Falsetto_Group,0,1,0,0,1,0,1,non_mix,010010,falsetto_group,0.9635,0.5385,hard_negative,14,96,mix_prob,0.9635
English#EN-Tenor-1#Mixed_Voice_and_Falsetto#Love Story#Control_Group#0002,D:\-MindEcho-main\ml_dl_models\gtsinger_multitech\dataset\raw\English\EN-Tenor-1\Mixed_Voice_and_Falsetto\Love Story\Control_Group\0002.wav,English/EN-Tenor-1/Mixed_Voice_and_Falsetto/Love Story/Control_Group/0002.wav,English,EN-Tenor-1,Love Story,Control_Group,0,0,0,0,1,0,1,non_mix,000010,control_negative,0.96008,0.53508,hard_negative,15,96,mix_prob,0.96008
English#EN-Tenor-1#Mixed_Voice_and_Falsetto#Exile#Control_Group#0004,D:\-MindEcho-main\ml_dl_models\gtsinger_multitech\dataset\raw\English\EN-Tenor-1\Mixed_Voice_and_Falsetto\Exile\Control_Group\0004.wav,English/EN-Tenor-1/Mixed_Voice_and_Falsetto/Exile/Control_Group/0004.wav,English,EN-Tenor-1,Exile,Control_Group,0,0,0,0,1,0,1,non_mix,000010,control_negative,0.959348,0.534348,hard_negative,16,96,mix_prob,0.959348
English#EN-Tenor-1#Mixed_Voice_and_Falsetto#Love Story#Control_Group#0006,D:\-MindEcho-main\ml_dl_models\gtsinger_multitech\dataset\raw\English\EN-Tenor-1\Mixed_Voice_and_Falsetto\Love Story\Control_Group\0006.wav,English/EN-Tenor-1/Mixed_Voice_and_Falsetto/Love Story/Control_Group/0006.wav,English,EN-Tenor-1,Love Story,Control_Group,0,0,0,0,1,0,1,non_mix,000010,control_negative,0.957304,0.532304,hard_negative,17,96,mix_prob,0.957304
English#EN-Tenor-1#Mixed_Voice_and_Falsetto#Exile#Control_Group#0003,D:\-MindEcho-main\ml_dl_models\gtsinger_multitech\dataset\raw\English\EN-Tenor-1\Mixed_Voice_and_Falsetto\Exile\Control_Group\0003.wav,English/EN-Tenor-1/Mixed_Voice_and_Falsetto/Exile/Control_Group/0003.wav,English,EN-Tenor-1,Exile,Control_Group,0,0,0,0,1,0,1,non_mix,000010,control_negative,0.952789,0.527789,hard_negative,18,96,mix_prob,0.952789
English#EN-Tenor-1#Mixed_Voice_and_Falsetto#Young and Beautiful#Falsetto_Group#0002,D:\-MindEcho-main\ml_dl_models\gtsinger_multitech\dataset\raw\English\EN-Tenor-1\Mixed_Voice_and_Falsetto\Young and Beautiful\Falsetto_Group\0002.wav,English/EN-Tenor-1/Mixed_Voice_and_Falsetto/Young and Beautiful/Falsetto_Group/0002.wav,English,EN-Tenor-1,Young and Beautiful,Falsetto_Group,0,1,0,0,1,0,1,non_mix,010010,falsetto_group,0.938694,0.513694,hard_negative,19,96,mix_prob,0.938694
English#EN-Tenor-1#Mixed_Voice_and_Falsetto#You Belong With Me#Falsetto_Group#0002,D:\-MindEcho-main\ml_dl_models\gtsinger_multitech\dataset\raw\English\EN-Tenor-1\Mixed_Voice_and_Falsetto\You Belong With Me\Falsetto_Group\0002.wav,English/EN-Tenor-1/Mixed_Voice_and_Falsetto/You Belong With Me/Falsetto_Group/0002.wav,English,EN-Tenor-1,You Belong With Me,Falsetto_Group,0,1,0,0,1,0,1,non_mix,010010,falsetto_group,0.936876,0.511876,hard_negative,20,96,mix_prob,0.936876
English#EN-Tenor-1#Mixed_Voice_and_Falsetto#August#Falsetto_Group#0002,D:\-MindEcho-main\ml_dl_models\gtsinger_multitech\dataset\raw\English\EN-Tenor-1\Mixed_Voice_and_Falsetto\August\Falsetto_Group\0002.wav,English/EN-Tenor-1/Mixed_Voice_and_Falsetto/August/Falsetto_Group/0002.wav,English,EN-Tenor-1,August,Falsetto_Group,0,1,0,0,1,0,1,non_mix,010010,falsetto_group,0.933973,0.508973,hard_negative,21,96,mix_prob,0.933973
English#EN-Tenor-1#Mixed_Voice_and_Falsetto#Cardigan#Falsetto_Group#0008,D:\-MindEcho-main\ml_dl_models\gtsinger_multitech\dataset\raw\English\EN-Tenor-1\Mixed_Voice_and_Falsetto\Cardigan\Falsetto_Group\0008.wav,English/EN-Tenor-1/Mixed_Voice_and_Falsetto/Cardigan/Falsetto_Group/0008.wav,English,EN-Tenor-1,Cardigan,Falsetto_Group,0,1,0,0,0,0,1,non_mix,010000,falsetto_group,0.933504,0.508504,hard_negative,22,96,mix_prob,0.933504
English#EN-Tenor-1#Mixed_Voice_and_Falsetto#Blank Space#Control_Group#0002,D:\-MindEcho-main\ml_dl_models\gtsinger_multitech\dataset\raw\English\EN-Tenor-1\Mixed_Voice_and_Falsetto\Blank Space\Control_Group\0002.wav,English/EN-Tenor-1/Mixed_Voice_and_Falsetto/Blank Space/Control_Group/0002.wav,English,EN-Tenor-1,Blank Space,Control_Group,0,0,0,0,1,0,1,non_mix,000010,control_negative,0.931192,0.506192,hard_negative,23,96,mix_prob,0.931192
English#EN-Tenor-1#Mixed_Voice_and_Falsetto#August#Falsetto_Group#0005,D:\-MindEcho-main\ml_dl_models\gtsinger_multitech\dataset\raw\English\EN-Tenor-1\Mixed_Voice_and_Falsetto\August\Falsetto_Group\0005.wav,English/EN-Tenor-1/Mixed_Voice_and_Falsetto/August/Falsetto_Group/0005.wav,English,EN-Tenor-1,August,Falsetto_Group,0,1,0,0,1,0,1,non_mix,010010,falsetto_group,0.931141,0.506141,hard_negative,24,96,mix_prob,0.931141
English#EN-Tenor-1#Mixed_Voice_and_Falsetto#Love Story#Control_Group#0000,D:\-MindEcho-main\ml_dl_models\gtsinger_multitech\dataset\raw\English\EN-Tenor-1\Mixed_Voice_and_Falsetto\Love Story\Control_Group\0000.wav,English/EN-Tenor-1/Mixed_Voice_and_Falsetto/Love Story/Control_Group/0000.wav,English,EN-Tenor-1,Love Story,Control_Group,0,0,0,0,1,0,1,non_mix,000010,control_negative,0.929867,0.504867,hard_negative,25,96,mix_prob,0.929867
English#EN-Tenor-1#Mixed_Voice_and_Falsetto#Cardigan#Falsetto_Group#0003,D:\-MindEcho-main\ml_dl_models\gtsinger_multitech\dataset\raw\English\EN-Tenor-1\Mixed_Voice_and_Falsetto\Cardigan\Falsetto_Group\0003.wav,English/EN-Tenor-1/Mixed_Voice_and_Falsetto/Cardigan/Falsetto_Group/0003.wav,English,EN-Tenor-1,Cardigan,Falsetto_Group,0,1,0,0,1,0,1,non_mix,010010,falsetto_group,0.928413,0.503413,hard_negative,26,96,mix_prob,0.928413
English#EN-Tenor-1#Mixed_Voice_and_Falsetto#Blank Space#Control_Group#0001,D:\-MindEcho-main\ml_dl_models\gtsinger_multitech\dataset\raw\English\EN-Tenor-1\Mixed_Voice_and_Falsetto\Blank Space\Control_Group\0001.wav,English/EN-Tenor-1/Mixed_Voice_and_Falsetto/Blank Space/Control_Group/0001.wav,English,EN-Tenor-1,Blank Space,Control_Group,0,0,0,0,1,0,1,non_mix,000010,control_negative,0.928361,0.503361,hard_negative,27,96,mix_prob,0.928361
English#EN-Tenor-1#Mixed_Voice_and_Falsetto#Blank Space#Control_Group#0000,D:\-MindEcho-main\ml_dl_models\gtsinger_multitech\dataset\raw\English\EN-Tenor-1\Mixed_Voice_and_Falsetto\Blank Space\Control_Group\0000.wav,English/EN-Tenor-1/Mixed_Voice_and_Falsetto/Blank Space/Control_Group/0000.wav,English,EN-Tenor-1,Blank Space,Control_Group,0,0,0,0,1,0,1,non_mix,000010,control_negative,0.928009,0.503009,hard_negative,28,96,mix_prob,0.928009
English#EN-Tenor-1#Mixed_Voice_and_Falsetto#Young and Beautiful#Falsetto_Group#0001,D:\-MindEcho-main\ml_dl_models\gtsinger_multitech\dataset\raw\English\EN-Tenor-1\Mixed_Voice_and_Falsetto\Young and Beautiful\Falsetto_Group\0001.wav,English/EN-Tenor-1/Mixed_Voice_and_Falsetto/Young and Beautiful/Falsetto_Group/0001.wav,English,EN-Tenor-1,Young and Beautiful,Falsetto_Group,0,1,0,0,1,0,1,non_mix,010010,falsetto_group,0.927403,0.502403,hard_negative,29,96,mix_prob,0.927403
English#EN-Tenor-1#Mixed_Voice_and_Falsetto#Exile#Control_Group#0002,D:\-MindEcho-main\ml_dl_models\gtsinger_multitech\dataset\raw\English\EN-Tenor-1\Mixed_Voice_and_Falsetto\Exile\Control_Group\0002.wav,English/EN-Tenor-1/Mixed_Voice_and_Falsetto/Exile/Control_Group/0002.wav,English,EN-Tenor-1,Exile,Control_Group,0,0,0,0,1,0,1,non_mix,000010,control_negative,0.924896,0.499896,hard_negative,30,96,mix_prob,0.924896
English#EN-Tenor-1#Mixed_Voice_and_Falsetto#Love on the Brain#Falsetto_Group#0002,D:\-MindEcho-main\ml_dl_models\gtsinger_multitech\dataset\raw\English\EN-Tenor-1\Mixed_Voice_and_Falsetto\Love on the Brain\Falsetto_Group\0002.wav,English/EN-Tenor-1/Mixed_Voice_and_Falsetto/Love on the Brain/Falsetto_Group/0002.wav,English,EN-Tenor-1,Love on the Brain,Falsetto_Group,0,1,0,0,1,0,1,non_mix,010010,falsetto_group,0.924569,0.499569,hard_negative,31,96,mix_prob,0.924569
English#EN-Tenor-1#Mixed_Voice_and_Falsetto#Someone You Loved#Falsetto_Group#0000,D:\-MindEcho-main\ml_dl_models\gtsinger_multitech\dataset\raw\English\EN-Tenor-1\Mixed_Voice_and_Falsetto\Someone You Loved\Falsetto_Group\0000.wav,English/EN-Tenor-1/Mixed_Voice_and_Falsetto/Someone You Loved/Falsetto_Group/0000.wav,English,EN-Tenor-1,Someone You Loved,Falsetto_Group,0,1,0,0,1,0,1,non_mix,010010,falsetto_group,0.923234,0.498234,hard_negative,32,96,mix_prob,0.923234
English#EN-Tenor-1#Mixed_Voice_and_Falsetto#Shallow#Falsetto_Group#0005,D:\-MindEcho-main\ml_dl_models\gtsinger_multitech\dataset\raw\English\EN-Tenor-1\Mixed_Voice_and_Falsetto\Shallow\Falsetto_Group\0005.wav,English/EN-Tenor-1/Mixed_Voice_and_Falsetto/Shallow/Falsetto_Group/0005.wav,English,EN-Tenor-1,Shallow,Falsetto_Group,0,1,0,0,1,0,1,non_mix,010010,falsetto_group,0.920623,0.495623,hard_negative,33,96,mix_prob,0.920623
English#EN-Tenor-1#Mixed_Voice_and_Falsetto#Young and Beautiful#Falsetto_Group#0006,D:\-MindEcho-main\ml_dl_models\gtsinger_multitech\dataset\raw\English\EN-Tenor-1\Mixed_Voice_and_Falsetto\Young and Beautiful\Falsetto_Group\0006.wav,English/EN-Tenor-1/Mixed_Voice_and_Falsetto/Young and Beautiful/Falsetto_Group/0006.wav,English,EN-Tenor-1,Young and Beautiful,Falsetto_Group,0,1,0,0,1,0,1,non_mix,010010,falsetto_group,0.913944,0.488944,hard_negative,34,96,mix_prob,0.913944
English#EN-Tenor-1#Mixed_Voice_and_Falsetto#Look What You Make Me Do#Control_Group#0000,D:\-MindEcho-main\ml_dl_models\gtsinger_multitech\dataset\raw\English\EN-Tenor-1\Mixed_Voice_and_Falsetto\Look What You Make Me Do\Control_Group\0000.wav,English/EN-Tenor-1/Mixed_Voice_and_Falsetto/Look What You Make Me Do/Control_Group/0000.wav,English,EN-Tenor-1,Look What You Make Me Do,Control_Group,0,0,0,0,1,0,1,non_mix,000010,control_negative,0.912538,0.487538,hard_negative,35,96,mix_prob,0.912538
English#EN-Tenor-1#Mixed_Voice_and_Falsetto#Lavender Haze#Falsetto_Group#0002,D:\-MindEcho-main\ml_dl_models\gtsinger_multitech\dataset\raw\English\EN-Tenor-1\Mixed_Voice_and_Falsetto\Lavender Haze\Falsetto_Group\0002.wav,English/EN-Tenor-1/Mixed_Voice_and_Falsetto/Lavender Haze/Falsetto_Group/0002.wav,English,EN-Tenor-1,Lavender Haze,Falsetto_Group,0,1,0,0,0,0,1,non_mix,010000,falsetto_group,0.908802,0.483802,hard_negative,36,96,mix_prob,0.908802
English#EN-Tenor-1#Mixed_Voice_and_Falsetto#Diamonds#Falsetto_Group#0006,D:\-MindEcho-main\ml_dl_models\gtsinger_multitech\dataset\raw\English\EN-Tenor-1\Mixed_Voice_and_Falsetto\Diamonds\Falsetto_Group\0006.wav,English/EN-Tenor-1/Mixed_Voice_and_Falsetto/Diamonds/Falsetto_Group/0006.wav,English,EN-Tenor-1,Diamonds,Falsetto_Group,0,1,0,0,1,0,1,non_mix,010010,falsetto_group,0.906937,0.481937,hard_negative,37,96,mix_prob,0.906937
English#EN-Tenor-1#Mixed_Voice_and_Falsetto#Wildest Dreams#Falsetto_Group#0002,D:\-MindEcho-main\ml_dl_models\gtsinger_multitech\dataset\raw\English\EN-Tenor-1\Mixed_Voice_and_Falsetto\Wildest Dreams\Falsetto_Group\0002.wav,English/EN-Tenor-1/Mixed_Voice_and_Falsetto/Wildest Dreams/Falsetto_Group/0002.wav,English,EN-Tenor-1,Wildest Dreams,Falsetto_Group,0,1,0,0,1,0,1,non_mix,010010,falsetto_group,0.905695,0.480695,hard_negative,38,96,mix_prob,0.905695
English#EN-Tenor-1#Mixed_Voice_and_Falsetto#Unconditionally#Falsetto_Group#0006,D:\-MindEcho-main\ml_dl_models\gtsinger_multitech\dataset\raw\English\EN-Tenor-1\Mixed_Voice_and_Falsetto\Unconditionally\Falsetto_Group\0006.wav,English/EN-Tenor-1/Mixed_Voice_and_Falsetto/Unconditionally/Falsetto_Group/0006.wav,English,EN-Tenor-1,Unconditionally,Falsetto_Group,0,1,0,0,1,0,1,non_mix,010010,falsetto_group,0.902482,0.477482,hard_negative,39,96,mix_prob,0.902482
English#EN-Tenor-1#Mixed_Voice_and_Falsetto#Love Story#Control_Group#0005,D:\-MindEcho-main\ml_dl_models\gtsinger_multitech\dataset\raw\English\EN-Tenor-1\Mixed_Voice_and_Falsetto\Love Story\Control_Group\0005.wav,English/EN-Tenor-1/Mixed_Voice_and_Falsetto/Love Story/Control_Group/0005.wav,English,EN-Tenor-1,Love Story,Control_Group,0,0,0,0,1,0,1,non_mix,000010,control_negative,0.896732,0.471732,hard_negative,40,96,mix_prob,0.896732
English#EN-Tenor-1#Mixed_Voice_and_Falsetto#Shallow#Falsetto_Group#0009,D:\-MindEcho-main\ml_dl_models\gtsinger_multitech\dataset\raw\English\EN-Tenor-1\Mixed_Voice_and_Falsetto\Shallow\Falsetto_Group\0009.wav,English/EN-Tenor-1/Mixed_Voice_and_Falsetto/Shallow/Falsetto_Group/0009.wav,English,EN-Tenor-1,Shallow,Falsetto_Group,0,1,0,0,1,0,1,non_mix,010010,falsetto_group,0.894524,0.469524,hard_negative,41,96,mix_prob,0.894524
English#EN-Tenor-1#Mixed_Voice_and_Falsetto#Umbrella#Falsetto_Group#0002,D:\-MindEcho-main\ml_dl_models\gtsinger_multitech\dataset\raw\English\EN-Tenor-1\Mixed_Voice_and_Falsetto\Umbrella\Falsetto_Group\0002.wav,English/EN-Tenor-1/Mixed_Voice_and_Falsetto/Umbrella/Falsetto_Group/0002.wav,English,EN-Tenor-1,Umbrella,Falsetto_Group,0,1,0,0,1,0,1,non_mix,010010,falsetto_group,0.893029,0.468029,hard_negative,42,96,mix_prob,0.893029
English#EN-Tenor-1#Mixed_Voice_and_Falsetto#You Belong With Me#Falsetto_Group#0001,D:\-MindEcho-main\ml_dl_models\gtsinger_multitech\dataset\raw\English\EN-Tenor-1\Mixed_Voice_and_Falsetto\You Belong With Me\Falsetto_Group\0001.wav,English/EN-Tenor-1/Mixed_Voice_and_Falsetto/You Belong With Me/Falsetto_Group/0001.wav,English,EN-Tenor-1,You Belong With Me,Falsetto_Group,0,1,0,0,1,0,1,non_mix,010010,falsetto_group,0.890251,0.465251,hard_negative,43,96,mix_prob,0.890251
English#EN-Tenor-1#Mixed_Voice_and_Falsetto#Shallow#Falsetto_Group#0004,D:\-MindEcho-main\ml_dl_models\gtsinger_multitech\dataset\raw\English\EN-Tenor-1\Mixed_Voice_and_Falsetto\Shallow\Falsetto_Group\0004.wav,English/EN-Tenor-1/Mixed_Voice_and_Falsetto/Shallow/Falsetto_Group/0004.wav,English,EN-Tenor-1,Shallow,Falsetto_Group,0,1,0,0,1,0,1,non_mix,010010,falsetto_group,0.885735,0.460735,hard_negative,44,96,mix_prob,0.885735
English#EN-Tenor-1#Mixed_Voice_and_Falsetto#Young and Beautiful#Falsetto_Group#0000,D:\-MindEcho-main\ml_dl_models\gtsinger_multitech\dataset\raw\English\EN-Tenor-1\Mixed_Voice_and_Falsetto\Young and Beautiful\Falsetto_Group\0000.wav,English/EN-Tenor-1/Mixed_Voice_and_Falsetto/Young and Beautiful/Falsetto_Group/0000.wav,English,EN-Tenor-1,Young and Beautiful,Falsetto_Group,0,1,0,0,0,0,1,non_mix,010000,falsetto_group,0.884584,0.459584,hard_negative,45,96,mix_prob,0.884584
English#EN-Tenor-1#Mixed_Voice_and_Falsetto#I Knew You Were Trouble#Control_Group#0004,D:\-MindEcho-main\ml_dl_models\gtsinger_multitech\dataset\raw\English\EN-Tenor-1\Mixed_Voice_and_Falsetto\I Knew You Were Trouble\Control_Group\0004.wav,English/EN-Tenor-1/Mixed_Voice_and_Falsetto/I Knew You Were Trouble/Control_Group/0004.wav,English,EN-Tenor-1,I Knew You Were Trouble,Control_Group,0,0,0,0,1,0,1,non_mix,000010,control_negative,0.883,0.458,hard_negative,46,96,mix_prob,0.883
English#EN-Tenor-1#Mixed_Voice_and_Falsetto#Take a Bow#Control_Group#0006,D:\-MindEcho-main\ml_dl_models\gtsinger_multitech\dataset\raw\English\EN-Tenor-1\Mixed_Voice_and_Falsetto\Take a Bow\Control_Group\0006.wav,English/EN-Tenor-1/Mixed_Voice_and_Falsetto/Take a Bow/Control_Group/0006.wav,English,EN-Tenor-1,Take a Bow,Control_Group,0,0,0,0,1,0,1,non_mix,000010,control_negative,0.881819,0.456819,hard_negative,47,96,mix_prob,0.881819
English#EN-Tenor-1#Mixed_Voice_and_Falsetto#Unconditionally#Control_Group#0004,D:\-MindEcho-main\ml_dl_models\gtsinger_multitech\dataset\raw\English\EN-Tenor-1\Mixed_Voice_and_Falsetto\Unconditionally\Control_Group\0004.wav,English/EN-Tenor-1/Mixed_Voice_and_Falsetto/Unconditionally/Control_Group/0004.wav,English,EN-Tenor-1,Unconditionally,Control_Group,0,0,0,0,1,0,1,non_mix,000010,control_negative,0.877801,0.452801,hard_negative,48,96,mix_prob,0.877801
English#EN-Tenor-1#Mixed_Voice_and_Falsetto#Wildest Dreams#Falsetto_Group#0007,D:\-MindEcho-main\ml_dl_models\gtsinger_multitech\dataset\raw\English\EN-Tenor-1\Mixed_Voice_and_Falsetto\Wildest Dreams\Falsetto_Group\0007.wav,English/EN-Tenor-1/Mixed_Voice_and_Falsetto/Wildest Dreams/Falsetto_Group/0007.wav,English,EN-Tenor-1,Wildest Dreams,Falsetto_Group,0,1,0,0,1,0,1,non_mix,010010,falsetto_group,0.877759,0.452759,hard_negative,49,96,mix_prob,0.877759
English#EN-Tenor-1#Mixed_Voice_and_Falsetto#Unconditionally#Control_Group#0003,D:\-MindEcho-main\ml_dl_models\gtsinger_multitech\dataset\raw\English\EN-Tenor-1\Mixed_Voice_and_Falsetto\Unconditionally\Control_Group\0003.wav,English/EN-Tenor-1/Mixed_Voice_and_Falsetto/Unconditionally/Control_Group/0003.wav,English,EN-Tenor-1,Unconditionally,Control_Group,0,0,0,0,1,0,1,non_mix,000010,control_negative,0.876879,0.451879,hard_negative,50,96,mix_prob,0.876879
English#EN-Tenor-1#Mixed_Voice_and_Falsetto#Enchanted#Control_Group#0005,D:\-MindEcho-main\ml_dl_models\gtsinger_multitech\dataset\raw\English\EN-Tenor-1\Mixed_Voice_and_Falsetto\Enchanted\Control_Group\0005.wav,English/EN-Tenor-1/Mixed_Voice_and_Falsetto/Enchanted/Control_Group/0005.wav,English,EN-Tenor-1,Enchanted,Control_Group,0,0,0,0,1,0,1,non_mix,000010,control_negative,0.876459,0.451459,hard_negative,51,96,mix_prob,0.876459
English#EN-Tenor-1#Mixed_Voice_and_Falsetto#Take a Bow#Falsetto_Group#0008,D:\-MindEcho-main\ml_dl_models\gtsinger_multitech\dataset\raw\English\EN-Tenor-1\Mixed_Voice_and_Falsetto\Take a Bow\Falsetto_Group\0008.wav,English/EN-Tenor-1/Mixed_Voice_and_Falsetto/Take a Bow/Falsetto_Group/0008.wav,English,EN-Tenor-1,Take a Bow,Falsetto_Group,0,1,0,0,1,0,1,non_mix,010010,falsetto_group,0.875761,0.450761,hard_negative,52,96,mix_prob,0.875761
English#EN-Tenor-1#Mixed_Voice_and_Falsetto#Shallow#Falsetto_Group#0000,D:\-MindEcho-main\ml_dl_models\gtsinger_multitech\dataset\raw\English\EN-Tenor-1\Mixed_Voice_and_Falsetto\Shallow\Falsetto_Group\0000.wav,English/EN-Tenor-1/Mixed_Voice_and_Falsetto/Shallow/Falsetto_Group/0000.wav,English,EN-Tenor-1,Shallow,Falsetto_Group,0,1,0,0,1,0,1,non_mix,010010,falsetto_group,0.872528,0.447528,hard_negative,53,96,mix_prob,0.872528
English#EN-Tenor-1#Mixed_Voice_and_Falsetto#Dark Paradise#Falsetto_Group#0000,D:\-MindEcho-main\ml_dl_models\gtsinger_multitech\dataset\raw\English\EN-Tenor-1\Mixed_Voice_and_Falsetto\Dark Paradise\Falsetto_Group\0000.wav,English/EN-Tenor-1/Mixed_Voice_and_Falsetto/Dark Paradise/Falsetto_Group/0000.wav,English,EN-Tenor-1,Dark Paradise,Falsetto_Group,0,1,1,0,0,0,1,non_mix,011000,falsetto_group,0.855055,0.430055,hard_negative,54,96,mix_prob,0.855055
English#EN-Tenor-1#Mixed_Voice_and_Falsetto#Style#Control_Group#0002,D:\-MindEcho-main\ml_dl_models\gtsinger_multitech\dataset\raw\English\EN-Tenor-1\Mixed_Voice_and_Falsetto\Style\Control_Group\0002.wav,English/EN-Tenor-1/Mixed_Voice_and_Falsetto/Style/Control_Group/0002.wav,English,EN-Tenor-1,Style,Control_Group,0,0,0,0,0,0,0,non_mix,000000,control_negative,0.854386,0.429386,hard_negative,55,96,mix_prob,0.854386
English#EN-Tenor-1#Mixed_Voice_and_Falsetto#Firework#Falsetto_Group#0001,D:\-MindEcho-main\ml_dl_models\gtsinger_multitech\dataset\raw\English\EN-Tenor-1\Mixed_Voice_and_Falsetto\Firework\Falsetto_Group\0001.wav,English/EN-Tenor-1/Mixed_Voice_and_Falsetto/Firework/Falsetto_Group/0001.wav,English,EN-Tenor-1,Firework,Falsetto_Group,0,1,0,0,1,0,1,non_mix,010010,falsetto_group,0.850151,0.425151,hard_negative,56,96,mix_prob,0.850151
English#EN-Tenor-1#Mixed_Voice_and_Falsetto#Call Out My Name#Falsetto_Group#0002,D:\-MindEcho-main\ml_dl_models\gtsinger_multitech\dataset\raw\English\EN-Tenor-1\Mixed_Voice_and_Falsetto\Call Out My Name\Falsetto_Group\0002.wav,English/EN-Tenor-1/Mixed_Voice_and_Falsetto/Call Out My Name/Falsetto_Group/0002.wav,English,EN-Tenor-1,Call Out My Name,Falsetto_Group,0,1,0,0,1,0,1,non_mix,010010,falsetto_group,0.848192,0.423192,hard_negative,57,96,mix_prob,0.848192
English#EN-Tenor-1#Mixed_Voice_and_Falsetto#Firework#Falsetto_Group#0010,D:\-MindEcho-main\ml_dl_models\gtsinger_multitech\dataset\raw\English\EN-Tenor-1\Mixed_Voice_and_Falsetto\Firework\Falsetto_Group\0010.wav,English/EN-Tenor-1/Mixed_Voice_and_Falsetto/Firework/Falsetto_Group/0010.wav,English,EN-Tenor-1,Firework,Falsetto_Group,0,1,0,0,0,0,1,non_mix,010000,falsetto_group,0.846228,0.421228,hard_negative,58,96,mix_prob,0.846228
English#EN-Tenor-1#Mixed_Voice_and_Falsetto#Wildest Dreams#Falsetto_Group#0004,D:\-MindEcho-main\ml_dl_models\gtsinger_multitech\dataset\raw\English\EN-Tenor-1\Mixed_Voice_and_Falsetto\Wildest Dreams\Falsetto_Group\0004.wav,English/EN-Tenor-1/Mixed_Voice_and_Falsetto/Wildest Dreams/Falsetto_Group/0004.wav,English,EN-Tenor-1,Wildest Dreams,Falsetto_Group,0,1,0,0,1,0,1,non_mix,010010,falsetto_group,0.845621,0.420621,hard_negative,59,96,mix_prob,0.845621
English#EN-Tenor-1#Mixed_Voice_and_Falsetto#Take a Bow#Falsetto_Group#0005,D:\-MindEcho-main\ml_dl_models\gtsinger_multitech\dataset\raw\English\EN-Tenor-1\Mixed_Voice_and_Falsetto\Take a Bow\Falsetto_Group\0005.wav,English/EN-Tenor-1/Mixed_Voice_and_Falsetto/Take a Bow/Falsetto_Group/0005.wav,English,EN-Tenor-1,Take a Bow,Falsetto_Group,0,1,0,0,1,0,1,non_mix,010010,falsetto_group,0.840174,0.415174,hard_negative,60,96,mix_prob,0.840174
English#EN-Tenor-1#Mixed_Voice_and_Falsetto#Umbrella#Falsetto_Group#0005,D:\-MindEcho-main\ml_dl_models\gtsinger_multitech\dataset\raw\English\EN-Tenor-1\Mixed_Voice_and_Falsetto\Umbrella\Falsetto_Group\0005.wav,English/EN-Tenor-1/Mixed_Voice_and_Falsetto/Umbrella/Falsetto_Group/0005.wav,English,EN-Tenor-1,Umbrella,Falsetto_Group,0,1,0,0,1,0,1,non_mix,010010,falsetto_group,0.838651,0.413651,hard_negative,61,96,mix_prob,0.838651
English#EN-Tenor-1#Mixed_Voice_and_Falsetto#Wildest Dreams#Falsetto_Group#0006,D:\-MindEcho-main\ml_dl_models\gtsinger_multitech\dataset\raw\English\EN-Tenor-1\Mixed_Voice_and_Falsetto\Wildest Dreams\Falsetto_Group\0006.wav,English/EN-Tenor-1/Mixed_Voice_and_Falsetto/Wildest Dreams/Falsetto_Group/0006.wav,English,EN-Tenor-1,Wildest Dreams,Falsetto_Group,0,1,0,0,1,0,1,non_mix,010010,falsetto_group,0.829557,0.404557,hard_negative,62,96,mix_prob,0.829557
English#EN-Tenor-1#Mixed_Voice_and_Falsetto#Diamonds#Falsetto_Group#0002,D:\-MindEcho-main\ml_dl_models\gtsinger_multitech\dataset\raw\English\EN-Tenor-1\Mixed_Voice_and_Falsetto\Diamonds\Falsetto_Group\0002.wav,English/EN-Tenor-1/Mixed_Voice_and_Falsetto/Diamonds/Falsetto_Group/0002.wav,English,EN-Tenor-1,Diamonds,Falsetto_Group,0,1,0,0,1,0,1,non_mix,010010,falsetto_group,0.819109,0.394109,hard_negative,63,96,mix_prob,0.819109
English#EN-Tenor-1#Mixed_Voice_and_Falsetto#August#Falsetto_Group#0006,D:\-MindEcho-main\ml_dl_models\gtsinger_multitech\dataset\raw\English\EN-Tenor-1\Mixed_Voice_and_Falsetto\August\Falsetto_Group\0006.wav,English/EN-Tenor-1/Mixed_Voice_and_Falsetto/August/Falsetto_Group/0006.wav,English,EN-Tenor-1,August,Falsetto_Group,0,1,0,0,1,0,1,non_mix,010010,falsetto_group,0.816966,0.391966,hard_negative,64,96,mix_prob,0.816966
English#EN-Tenor-1#Glissando#Someone Like You#Control_Group#0002,D:\-MindEcho-main\ml_dl_models\gtsinger_multitech\dataset\raw\English\EN-Tenor-1\Glissando\Someone Like You\Control_Group\0002.wav,English/EN-Tenor-1/Glissando/Someone Like You/Control_Group/0002.wav,English,EN-Tenor-1,Someone Like You,Control_Group,0,0,0,0,0,0,0,non_mix,000000,control_negative,0.81306,0.38806,hard_negative,65,96,mix_prob,0.81306
English#EN-Tenor-1#Mixed_Voice_and_Falsetto#Umbrella#Falsetto_Group#0000,D:\-MindEcho-main\ml_dl_models\gtsinger_multitech\dataset\raw\English\EN-Tenor-1\Mixed_Voice_and_Falsetto\Umbrella\Falsetto_Group\0000.wav,English/EN-Tenor-1/Mixed_Voice_and_Falsetto/Umbrella/Falsetto_Group/0000.wav,English,EN-Tenor-1,Umbrella,Falsetto_Group,0,1,0,0,1,0,1,non_mix,010010,falsetto_group,0.811495,0.386495,hard_negative,66,96,mix_prob,0.811495
English#EN-Tenor-1#Mixed_Voice_and_Falsetto#Summertime Sadness#Falsetto_Group#0000,D:\-MindEcho-main\ml_dl_models\gtsinger_multitech\dataset\raw\English\EN-Tenor-1\Mixed_Voice_and_Falsetto\Summertime Sadness\Falsetto_Group\0000.wav,English/EN-Tenor-1/Mixed_Voice_and_Falsetto/Summertime Sadness/Falsetto_Group/0000.wav,English,EN-Tenor-1,Summertime Sadness,Falsetto_Group,0,1,0,0,1,0,1,non_mix,010010,falsetto_group,0.808343,0.383343,hard_negative,67,96,mix_prob,0.808343
English#EN-Tenor-1#Mixed_Voice_and_Falsetto#What Was I Made For？#Control_Group#0003,D:\-MindEcho-main\ml_dl_models\gtsinger_multitech\dataset\raw\English\EN-Tenor-1\Mixed_Voice_and_Falsetto\What Was I Made For？\Control_Group\0003.wav,English/EN-Tenor-1/Mixed_Voice_and_Falsetto/What Was I Made For？/Control_Group/0003.wav,English,EN-Tenor-1,What Was I Made For？,Control_Group,0,0,0,0,1,0,1,non_mix,000010,control_negative,0.806372,0.381372,hard_negative,68,96,mix_prob,0.806372
English#EN-Tenor-1#Mixed_Voice_and_Falsetto#You Belong With Me#Control_Group#0004,D:\-MindEcho-main\ml_dl_models\gtsinger_multitech\dataset\raw\English\EN-Tenor-1\Mixed_Voice_and_Falsetto\You Belong With Me\Control_Group\0004.wav,English/EN-Tenor-1/Mixed_Voice_and_Falsetto/You Belong With Me/Control_Group/0004.wav,English,EN-Tenor-1,You Belong With Me,Control_Group,0,0,0,0,1,0,1,non_mix,000010,control_negative,0.801171,0.376171,hard_negative,69,96,mix_prob,0.801171
English#EN-Tenor-1#Mixed_Voice_and_Falsetto#Style#Control_Group#0005,D:\-MindEcho-main\ml_dl_models\gtsinger_multitech\dataset\raw\English\EN-Tenor-1\Mixed_Voice_and_Falsetto\Style\Control_Group\0005.wav,English/EN-Tenor-1/Mixed_Voice_and_Falsetto/Style/Control_Group/0005.wav,English,EN-Tenor-1,Style,Control_Group,0,0,0,0,1,0,1,non_mix,000010,control_negative,0.792281,0.367281,hard_negative,70,96,mix_prob,0.792281
English#EN-Tenor-1#Mixed_Voice_and_Falsetto#Umbrella#Falsetto_Group#0004,D:\-MindEcho-main\ml_dl_models\gtsinger_multitech\dataset\raw\English\EN-Tenor-1\Mixed_Voice_and_Falsetto\Umbrella\Falsetto_Group\0004.wav,English/EN-Tenor-1/Mixed_Voice_and_Falsetto/Umbrella/Falsetto_Group/0004.wav,English,EN-Tenor-1,Umbrella,Falsetto_Group,0,1,0,0,1,0,1,non_mix,010010,falsetto_group,0.787916,0.362916,hard_negative,71,96,mix_prob,0.787916
English#EN-Tenor-1#Mixed_Voice_and_Falsetto#Blank Space#Control_Group#0003,D:\-MindEcho-main\ml_dl_models\gtsinger_multitech\dataset\raw\English\EN-Tenor-1\Mixed_Voice_and_Falsetto\Blank Space\Control_Group\0003.wav,English/EN-Tenor-1/Mixed_Voice_and_Falsetto/Blank Space/Control_Group/0003.wav,English,EN-Tenor-1,Blank Space,Control_Group,0,0,0,0,1,0,1,non_mix,000010,control_negative,0.785579,0.360579,hard_negative,72,96,mix_prob,0.785579
English#EN-Tenor-1#Mixed_Voice_and_Falsetto#August#Falsetto_Group#0004,D:\-MindEcho-main\ml_dl_models\gtsinger_multitech\dataset\raw\English\EN-Tenor-1\Mixed_Voice_and_Falsetto\August\Falsetto_Group\0004.wav,English/EN-Tenor-1/Mixed_Voice_and_Falsetto/August/Falsetto_Group/0004.wav,English,EN-Tenor-1,August,Falsetto_Group,0,1,0,0,1,0,1,non_mix,010010,falsetto_group,0.7792,0.3542,hard_negative,73,96,mix_prob,0.7792
English#EN-Tenor-1#Glissando#Someone Like You#Control_Group#0001,D:\-MindEcho-main\ml_dl_models\gtsinger_multitech\dataset\raw\English\EN-Tenor-1\Glissando\Someone Like You\Control_Group\0001.wav,English/EN-Tenor-1/Glissando/Someone Like You/Control_Group/0001.wav,English,EN-Tenor-1,Someone Like You,Control_Group,0,0,0,0,1,0,1,non_mix,000010,control_negative,0.777375,0.352375,hard_negative,74,96,mix_prob,0.777375
English#EN-Tenor-1#Mixed_Voice_and_Falsetto#Sparks Fly#Control_Group#0000,D:\-MindEcho-main\ml_dl_models\gtsinger_multitech\dataset\raw\English\EN-Tenor-1\Mixed_Voice_and_Falsetto\Sparks Fly\Control_Group\0000.wav,English/EN-Tenor-1/Mixed_Voice_and_Falsetto/Sparks Fly/Control_Group/0000.wav,English,EN-Tenor-1,Sparks Fly,Control_Group,0,0,0,0,1,0,1,non_mix,000010,control_negative,0.771223,0.346223,hard_negative,75,96,mix_prob,0.771223
English#EN-Tenor-1#Mixed_Voice_and_Falsetto#Someone You Loved#Falsetto_Group#0008,D:\-MindEcho-main\ml_dl_models\gtsinger_multitech\dataset\raw\English\EN-Tenor-1\Mixed_Voice_and_Falsetto\Someone You Loved\Falsetto_Group\0008.wav,English/EN-Tenor-1/Mixed_Voice_and_Falsetto/Someone You Loved/Falsetto_Group/0008.wav,English,EN-Tenor-1,Someone You Loved,Falsetto_Group,0,1,0,0,1,0,1,non_mix,010010,falsetto_group,0.769352,0.344352,hard_negative,76,96,mix_prob,0.769352
English#EN-Tenor-1#Mixed_Voice_and_Falsetto#Firework#Falsetto_Group#0005,D:\-MindEcho-main\ml_dl_models\gtsinger_multitech\dataset\raw\English\EN-Tenor-1\Mixed_Voice_and_Falsetto\Firework\Falsetto_Group\0005.wav,English/EN-Tenor-1/Mixed_Voice_and_Falsetto/Firework/Falsetto_Group/0005.wav,English,EN-Tenor-1,Firework,Falsetto_Group,0,1,0,0,1,0,1,non_mix,010010,falsetto_group,0.753408,0.328408,hard_negative,77,96,mix_prob,0.753408
English#EN-Tenor-1#Mixed_Voice_and_Falsetto#Summertime Sadness#Falsetto_Group#0003,D:\-MindEcho-main\ml_dl_models\gtsinger_multitech\dataset\raw\English\EN-Tenor-1\Mixed_Voice_and_Falsetto\Summertime Sadness\Falsetto_Group\0003.wav,English/EN-Tenor-1/Mixed_Voice_and_Falsetto/Summertime Sadness/Falsetto_Group/0003.wav,English,EN-Tenor-1,Summertime Sadness,Falsetto_Group,0,1,0,0,1,0,1,non_mix,010010,falsetto_group,0.750921,0.325921,hard_negative,78,96,mix_prob,0.750921
English#EN-Tenor-1#Mixed_Voice_and_Falsetto#Back to December#Control_Group#0001,D:\-MindEcho-main\ml_dl_models\gtsinger_multitech\dataset\raw\English\EN-Tenor-1\Mixed_Voice_and_Falsetto\Back to December\Control_Group\0001.wav,English/EN-Tenor-1/Mixed_Voice_and_Falsetto/Back to December/Control_Group/0001.wav,English,EN-Tenor-1,Back to December,Control_Group,0,0,0,1,1,0,1,non_mix,000110,control_negative,0.74231,0.31731,hard_negative,79,96,mix_prob,0.74231
English#EN-Tenor-1#Mixed_Voice_and_Falsetto#Style#Control_Group#0003,D:\-MindEcho-main\ml_dl_models\gtsinger_multitech\dataset\raw\English\EN-Tenor-1\Mixed_Voice_and_Falsetto\Style\Control_Group\0003.wav,English/EN-Tenor-1/Mixed_Voice_and_Falsetto/Style/Control_Group/0003.wav,English,EN-Tenor-1,Style,Control_Group,0,0,0,0,1,0,1,non_mix,000010,control_negative,0.733353,0.308353,hard_negative,80,96,mix_prob,0.733353
English#EN-Tenor-1#Mixed_Voice_and_Falsetto#Cardigan#Falsetto_Group#0004,D:\-MindEcho-main\ml_dl_models\gtsinger_multitech\dataset\raw\English\EN-Tenor-1\Mixed_Voice_and_Falsetto\Cardigan\Falsetto_Group\0004.wav,English/EN-Tenor-1/Mixed_Voice_and_Falsetto/Cardigan/Falsetto_Group/0004.wav,English,EN-Tenor-1,Cardigan,Falsetto_Group,0,1,0,0,1,0,1,non_mix,010010,falsetto_group,0.727403,0.302403,hard_negative,81,96,mix_prob,0.727403
English#EN-Tenor-1#Mixed_Voice_and_Falsetto#You Belong With Me#Falsetto_Group#0008,D:\-MindEcho-main\ml_dl_models\gtsinger_multitech\dataset\raw\English\EN-Tenor-1\Mixed_Voice_and_Falsetto\You Belong With Me\Falsetto_Group\0008.wav,English/EN-Tenor-1/Mixed_Voice_and_Falsetto/You Belong With Me/Falsetto_Group/0008.wav,English,EN-Tenor-1,You Belong With Me,Falsetto_Group,0,1,0,0,1,0,1,non_mix,010010,falsetto_group,0.724114,0.299114,hard_negative,82,96,mix_prob,0.724114
English#EN-Tenor-1#Mixed_Voice_and_Falsetto#Exile#Control_Group#0000,D:\-MindEcho-main\ml_dl_models\gtsinger_multitech\dataset\raw\English\EN-Tenor-1\Mixed_Voice_and_Falsetto\Exile\Control_Group\0000.wav,English/EN-Tenor-1/Mixed_Voice_and_Falsetto/Exile/Control_Group/0000.wav,English,EN-Tenor-1,Exile,Control_Group,0,0,0,0,1,0,1,non_mix,000010,control_negative,0.718191,0.293191,hard_negative,83,96,mix_prob,0.718191
English#EN-Tenor-1#Mixed_Voice_and_Falsetto#Someone You Loved#Control_Group#0005,D:\-MindEcho-main\ml_dl_models\gtsinger_multitech\dataset\raw\English\EN-Tenor-1\Mixed_Voice_and_Falsetto\Someone You Loved\Control_Group\0005.wav,English/EN-Tenor-1/Mixed_Voice_and_Falsetto/Someone You Loved/Control_Group/0005.wav,English,EN-Tenor-1,Someone You Loved,Control_Group,0,0,0,0,1,0,1,non_mix,000010,control_negative,0.71142,0.28642,hard_negative,84,96,mix_prob,0.71142
English#EN-Tenor-1#Mixed_Voice_and_Falsetto#Lavender Haze#Control_Group#0001,D:\-MindEcho-main\ml_dl_models\gtsinger_multitech\dataset\raw\English\EN-Tenor-1\Mixed_Voice_and_Falsetto\Lavender Haze\Control_Group\0001.wav,English/EN-Tenor-1/Mixed_Voice_and_Falsetto/Lavender Haze/Control_Group/0001.wav,English,EN-Tenor-1,Lavender Haze,Control_Group,0,0,0,0,1,0,1,non_mix,000010,control_negative,0.707802,0.282802,hard_negative,85,96,mix_prob,0.707802
English#EN-Tenor-1#Mixed_Voice_and_Falsetto#I Knew You Were Trouble#Control_Group#0006,D:\-MindEcho-main\ml_dl_models\gtsinger_multitech\dataset\raw\English\EN-Tenor-1\Mixed_Voice_and_Falsetto\I Knew You Were Trouble\Control_Group\0006.wav,English/EN-Tenor-1/Mixed_Voice_and_Falsetto/I Knew You Were Trouble/Control_Group/0006.wav,English,EN-Tenor-1,I Knew You Were Trouble,Control_Group,0,0,0,0,1,0,1,non_mix,000010,control_negative,0.705904,0.280904,hard_negative,86,96,mix_prob,0.705904
English#EN-Tenor-1#Mixed_Voice_and_Falsetto#Diamonds#Falsetto_Group#0008,D:\-MindEcho-main\ml_dl_models\gtsinger_multitech\dataset\raw\English\EN-Tenor-1\Mixed_Voice_and_Falsetto\Diamonds\Falsetto_Group\0008.wav,English/EN-Tenor-1/Mixed_Voice_and_Falsetto/Diamonds/Falsetto_Group/0008.wav,English,EN-Tenor-1,Diamonds,Falsetto_Group,0,1,0,0,1,0,1,non_mix,010010,falsetto_group,0.70535,0.28035,hard_negative,87,96,mix_prob,0.70535
English#EN-Tenor-1#Breathy#All I Ask#Control_Group#0001,D:\-MindEcho-main\ml_dl_models\gtsinger_multitech\dataset\raw\English\EN-Tenor-1\Breathy\All I Ask\Control_Group\0001.wav,English/EN-Tenor-1/Breathy/All I Ask/Control_Group/0001.wav,English,EN-Tenor-1,All I Ask,Control_Group,0,0,0,0,1,0,1,non_mix,000010,control_negative,0.694895,0.269895,hard_negative,88,96,mix_prob,0.694895
English#EN-Tenor-1#Mixed_Voice_and_Falsetto#Firework#Control_Group#0006,D:\-MindEcho-main\ml_dl_models\gtsinger_multitech\dataset\raw\English\EN-Tenor-1\Mixed_Voice_and_Falsetto\Firework\Control_Group\0006.wav,English/EN-Tenor-1/Mixed_Voice_and_Falsetto/Firework/Control_Group/0006.wav,English,EN-Tenor-1,Firework,Control_Group,0,0,0,0,1,0,1,non_mix,000010,control_negative,0.69483,0.26983,hard_negative,89,96,mix_prob,0.69483
English#EN-Tenor-1#Mixed_Voice_and_Falsetto#Rolling in the Deep#Control_Group#0004,D:\-MindEcho-main\ml_dl_models\gtsinger_multitech\dataset\raw\English\EN-Tenor-1\Mixed_Voice_and_Falsetto\Rolling in the Deep\Control_Group\0004.wav,English/EN-Tenor-1/Mixed_Voice_and_Falsetto/Rolling in the Deep/Control_Group/0004.wav,English,EN-Tenor-1,Rolling in the Deep,Control_Group,0,0,0,0,1,0,1,non_mix,000010,control_negative,0.687904,0.262904,hard_negative,90,96,mix_prob,0.687904
English#EN-Tenor-1#Mixed_Voice_and_Falsetto#Call Out My Name#Falsetto_Group#0004,D:\-MindEcho-main\ml_dl_models\gtsinger_multitech\dataset\raw\English\EN-Tenor-1\Mixed_Voice_and_Falsetto\Call Out My Name\Falsetto_Group\0004.wav,English/EN-Tenor-1/Mixed_Voice_and_Falsetto/Call Out My Name/Falsetto_Group/0004.wav,English,EN-Tenor-1,Call Out My Name,Falsetto_Group,0,1,0,0,1,0,1,non_mix,010010,falsetto_group,0.675613,0.250613,hard_negative,91,96,mix_prob,0.675613
English#EN-Tenor-1#Mixed_Voice_and_Falsetto#Back to December#Control_Group#0000,D:\-MindEcho-main\ml_dl_models\gtsinger_multitech\dataset\raw\English\EN-Tenor-1\Mixed_Voice_and_Falsetto\Back to December\Control_Group\0000.wav,English/EN-Tenor-1/Mixed_Voice_and_Falsetto/Back to December/Control_Group/0000.wav,English,EN-Tenor-1,Back to December,Control_Group,0,0,0,0,1,0,1,non_mix,000010,control_negative,0.674683,0.249683,hard_negative,92,96,mix_prob,0.674683
English#EN-Tenor-1#Mixed_Voice_and_Falsetto#Enchanted#Control_Group#0004,D:\-MindEcho-main\ml_dl_models\gtsinger_multitech\dataset\raw\English\EN-Tenor-1\Mixed_Voice_and_Falsetto\Enchanted\Control_Group\0004.wav,English/EN-Tenor-1/Mixed_Voice_and_Falsetto/Enchanted/Control_Group/0004.wav,English,EN-Tenor-1,Enchanted,Control_Group,0,0,0,0,1,0,1,non_mix,000010,control_negative,0.670546,0.245546,hard_negative,93,96,mix_prob,0.670546
English#EN-Tenor-1#Mixed_Voice_and_Falsetto#Call Out My Name#Falsetto_Group#0000,D:\-MindEcho-main\ml_dl_models\gtsinger_multitech\dataset\raw\English\EN-Tenor-1\Mixed_Voice_and_Falsetto\Call Out My Name\Falsetto_Group\0000.wav,English/EN-Tenor-1/Mixed_Voice_and_Falsetto/Call Out My Name/Falsetto_Group/0000.wav,English,EN-Tenor-1,Call Out My Name,Falsetto_Group,0,1,0,0,1,0,1,non_mix,010010,falsetto_group,0.66517,0.24017,hard_negative,94,96,mix_prob,0.66517
English#EN-Tenor-1#Mixed_Voice_and_Falsetto#Someone You Loved#Falsetto_Group#0007,D:\-MindEcho-main\ml_dl_models\gtsinger_multitech\dataset\raw\English\EN-Tenor-1\Mixed_Voice_and_Falsetto\Someone You Loved\Falsetto_Group\0007.wav,English/EN-Tenor-1/Mixed_Voice_and_Falsetto/Someone You Loved/Falsetto_Group/0007.wav,English,EN-Tenor-1,Someone You Loved,Falsetto_Group,0,1,0,0,1,0,1,non_mix,010010,falsetto_group,0.663536,0.238536,hard_negative,95,96,mix_prob,0.663536
English#EN-Tenor-1#Mixed_Voice_and_Falsetto#Diamonds#Falsetto_Group#0001,D:\-MindEcho-main\ml_dl_models\gtsinger_multitech\dataset\raw\English\EN-Tenor-1\Mixed_Voice_and_Falsetto\Diamonds\Falsetto_Group\0001.wav,English/EN-Tenor-1/Mixed_Voice_and_Falsetto/Diamonds/Falsetto_Group/0001.wav,English,EN-Tenor-1,Diamonds,Falsetto_Group,0,1,0,0,1,0,1,non_mix,010010,falsetto_group,0.656504,0.231504,hard_negative,96,96,mix_prob,0.656504
