item_name,wav_path,wav_fn,language,singer,song_name,group_name,mix,falsetto,breathy,vibrato,glissando,pharyngeal,any_tech,mix_variant,label_signature,binary_role,mix_prob,threshold_gap,increment_selection_role,increment_rank,increment_pool_size,increment_reference_field,increment_reference_value,fp_margin
English#EN-Alto-2#Pharyngeal#What Are Words#Pharyngeal_Group#0000,D:\-MindEcho-main\ml_dl_models\gtsinger_multitech\dataset\raw\English\EN-Alto-2\Pharyngeal\What Are Words\Pharyngeal_Group\0000.wav,English/EN-Alto-2/Pharyngeal/What Are Words/Pharyngeal_Group/0000.wav,English,EN-Alto-2,What Are Words,Pharyngeal_Group,1,0,0,0,1,1,1,clear_mix,100011,positive_mix,0.001889,0.423111,hard_positive,1,96,mix_prob,0.001889,
English#EN-Alto-2#Breathy#Love Me Like You Do#Control_Group#0002,D:\-MindEcho-main\ml_dl_models\gtsinger_multitech\dataset\raw\English\EN-Alto-2\Breathy\Love Me Like You Do\Control_Group\0002.wav,English/EN-Alto-2/Breathy/Love Me Like You Do/Control_Group/0002.wav,English,EN-Alto-2,Love Me Like You Do,Control_Group,1,0,0,0,1,0,1,clear_mix,100010,positive_mix,0.002981,0.422019,hard_positive,2,96,mix_prob,0.002981,
English#EN-Alto-2#Glissando#Love Me Like You Do#Control_Group#0002,D:\-MindEcho-main\ml_dl_models\gtsinger_multitech\dataset\raw\English\EN-Alto-2\Glissando\Love Me Like You Do\Control_Group\0002.wav,English/EN-Alto-2/Glissando/Love Me Like You Do/Control_Group/0002.wav,English,EN-Alto-2,Love Me Like You Do,Control_Group,1,0,0,0,1,0,1,clear_mix,100010,positive_mix,0.002981,0.422019,hard_positive,3,96,mix_prob,0.002981,
English#EN-Alto-2#Vibrato#Love Me Like You Do#Control_Group#0002,D:\-MindEcho-main\ml_dl_models\gtsinger_multitech\dataset\raw\English\EN-Alto-2\Vibrato\Love Me Like You Do\Control_Group\0002.wav,English/EN-Alto-2/Vibrato/Love Me Like You Do/Control_Group/0002.wav,English,EN-Alto-2,Love Me Like You Do,Control_Group,1,0,0,0,1,0,1,clear_mix,100010,positive_mix,0.002981,0.422019,hard_positive,4,96,mix_prob,0.002981,
English#EN-Alto-2#Breathy#My Love#Control_Group#0006,D:\-MindEcho-main\ml_dl_models\gtsinger_multitech\dataset\raw\English\EN-Alto-2\Breathy\My Love\Control_Group\0006.wav,English/EN-Alto-2/Breathy/My Love/Control_Group/0006.wav,English,EN-Alto-2,My Love,Control_Group,1,0,0,0,0,0,1,clear_mix,100000,positive_mix,0.003431,0.421569,hard_positive,5,96,mix_prob,0.003431,
English#EN-Alto-2#Pharyngeal#My Love#Control_Group#0006,D:\-MindEcho-main\ml_dl_models\gtsinger_multitech\dataset\raw\English\EN-Alto-2\Pharyngeal\My Love\Control_Group\0006.wav,English/EN-Alto-2/Pharyngeal/My Love/Control_Group/0006.wav,English,EN-Alto-2,My Love,Control_Group,1,0,0,0,0,0,1,clear_mix,100000,positive_mix,0.003431,0.421569,hard_positive,6,96,mix_prob,0.003431,
English#EN-Alto-2#Breathy#Love Story#Control_Group#0003,D:\-MindEcho-main\ml_dl_models\gtsinger_multitech\dataset\raw\English\EN-Alto-2\Breathy\Love Story\Control_Group\0003.wav,English/EN-Alto-2/Breathy/Love Story/Control_Group/0003.wav,English,EN-Alto-2,Love Story,Control_Group,1,0,0,0,1,0,1,clear_mix,100010,positive_mix,0.004057,0.420943,hard_positive,7,96,mix_prob,0.004057,
English#EN-Alto-2#Glissando#Love Story#Control_Group#0004,D:\-MindEcho-main\ml_dl_models\gtsinger_multitech\dataset\raw\English\EN-Alto-2\Glissando\Love Story\Control_Group\0004.wav,English/EN-Alto-2/Glissando/Love Story/Control_Group/0004.wav,English,EN-Alto-2,Love Story,Control_Group,1,0,0,0,1,0,1,clear_mix,100010,positive_mix,0.004057,0.420943,hard_positive,8,96,mix_prob,0.004057,
English#EN-Alto-2#Vibrato#Love Story#Control_Group#0004,D:\-MindEcho-main\ml_dl_models\gtsinger_multitech\dataset\raw\English\EN-Alto-2\Vibrato\Love Story\Control_Group\0004.wav,English/EN-Alto-2/Vibrato/Love Story/Control_Group/0004.wav,English,EN-Alto-2,Love Story,Control_Group,1,0,0,0,1,0,1,clear_mix,100010,positive_mix,0.004057,0.420943,hard_positive,9,96,mix_prob,0.004057,
English#EN-Alto-2#Mixed_Voice_and_Falsetto#Call Me Maybe#Mixed_Voice_Group#0003,D:\-MindEcho-main\ml_dl_models\gtsinger_multitech\dataset\raw\English\EN-Alto-2\Mixed_Voice_and_Falsetto\Call Me Maybe\Mixed_Voice_Group\0003.wav,English/EN-Alto-2/Mixed_Voice_and_Falsetto/Call Me Maybe/Mixed_Voice_Group/0003.wav,English,EN-Alto-2,Call Me Maybe,Mixed_Voice_Group,1,0,0,0,1,0,1,clear_mix,100010,positive_mix,0.004663,0.420337,hard_positive,10,96,mix_prob,0.004663,
English#EN-Alto-2#Mixed_Voice_and_Falsetto#God is A Girl#Mixed_Voice_Group#0002,D:\-MindEcho-main\ml_dl_models\gtsinger_multitech\dataset\raw\English\EN-Alto-2\Mixed_Voice_and_Falsetto\God is A Girl\Mixed_Voice_Group\0002.wav,English/EN-Alto-2/Mixed_Voice_and_Falsetto/God is A Girl/Mixed_Voice_Group/0002.wav,English,EN-Alto-2,God is A Girl,Mixed_Voice_Group,1,0,0,0,0,0,1,clear_mix,100000,positive_mix,0.006127,0.418873,hard_positive,11,96,mix_prob,0.006127,
English#EN-Alto-2#Breathy#Love Me Like You Do#Control_Group#0006,D:\-MindEcho-main\ml_dl_models\gtsinger_multitech\dataset\raw\English\EN-Alto-2\Breathy\Love Me Like You Do\Control_Group\0006.wav,English/EN-Alto-2/Breathy/Love Me Like You Do/Control_Group/0006.wav,English,EN-Alto-2,Love Me Like You Do,Control_Group,1,0,0,0,1,0,1,clear_mix,100010,positive_mix,0.006526,0.418474,hard_positive,12,96,mix_prob,0.006526,
English#EN-Alto-2#Glissando#My Heart Will Go On#Control_Group#0002,D:\-MindEcho-main\ml_dl_models\gtsinger_multitech\dataset\raw\English\EN-Alto-2\Glissando\My Heart Will Go On\Control_Group\0002.wav,English/EN-Alto-2/Glissando/My Heart Will Go On/Control_Group/0002.wav,English,EN-Alto-2,My Heart Will Go On,Control_Group,1,0,0,0,1,0,1,clear_mix,100010,positive_mix,0.00712,0.41788,hard_positive,13,96,mix_prob,0.00712,
English#EN-Alto-2#Breathy#My Heart Will Go On#Control_Group#0008,D:\-MindEcho-main\ml_dl_models\gtsinger_multitech\dataset\raw\English\EN-Alto-2\Breathy\My Heart Will Go On\Control_Group\0008.wav,English/EN-Alto-2/Breathy/My Heart Will Go On/Control_Group/0008.wav,English,EN-Alto-2,My Heart Will Go On,Control_Group,1,0,0,0,1,0,1,clear_mix,100010,positive_mix,0.008134,0.416866,hard_positive,14,96,mix_prob,0.008134,
English#EN-Alto-2#Glissando#My Heart Will Go On#Control_Group#0008,D:\-MindEcho-main\ml_dl_models\gtsinger_multitech\dataset\raw\English\EN-Alto-2\Glissando\My Heart Will Go On\Control_Group\0008.wav,English/EN-Alto-2/Glissando/My Heart Will Go On/Control_Group/0008.wav,English,EN-Alto-2,My Heart Will Go On,Control_Group,1,0,0,0,1,0,1,clear_mix,100010,positive_mix,0.008134,0.416866,hard_positive,15,96,mix_prob,0.008134,
English#EN-Alto-2#Vibrato#My Heart Will Go On#Control_Group#0008,D:\-MindEcho-main\ml_dl_models\gtsinger_multitech\dataset\raw\English\EN-Alto-2\Vibrato\My Heart Will Go On\Control_Group\0008.wav,English/EN-Alto-2/Vibrato/My Heart Will Go On/Control_Group/0008.wav,English,EN-Alto-2,My Heart Will Go On,Control_Group,1,0,0,0,1,0,1,clear_mix,100010,positive_mix,0.008134,0.416866,hard_positive,16,96,mix_prob,0.008134,
English#EN-Alto-2#Breathy#Easy On Me#Control_Group#0003,D:\-MindEcho-main\ml_dl_models\gtsinger_multitech\dataset\raw\English\EN-Alto-2\Breathy\Easy On Me\Control_Group\0003.wav,English/EN-Alto-2/Breathy/Easy On Me/Control_Group/0003.wav,English,EN-Alto-2,Easy On Me,Control_Group,1,0,0,0,1,0,1,clear_mix,100010,positive_mix,0.010443,0.414557,hard_positive,17,96,mix_prob,0.010443,
English#EN-Alto-2#Glissando#Easy On Me#Control_Group#0003,D:\-MindEcho-main\ml_dl_models\gtsinger_multitech\dataset\raw\English\EN-Alto-2\Glissando\Easy On Me\Control_Group\0003.wav,English/EN-Alto-2/Glissando/Easy On Me/Control_Group/0003.wav,English,EN-Alto-2,Easy On Me,Control_Group,1,0,0,0,1,0,1,clear_mix,100010,positive_mix,0.010443,0.414557,hard_positive,18,96,mix_prob,0.010443,
English#EN-Alto-2#Mixed_Voice_and_Falsetto#Easy On Me#Mixed_Voice_Group#0003,D:\-MindEcho-main\ml_dl_models\gtsinger_multitech\dataset\raw\English\EN-Alto-2\Mixed_Voice_and_Falsetto\Easy On Me\Mixed_Voice_Group\0003.wav,English/EN-Alto-2/Mixed_Voice_and_Falsetto/Easy On Me/Mixed_Voice_Group/0003.wav,English,EN-Alto-2,Easy On Me,Mixed_Voice_Group,1,0,0,0,1,0,1,clear_mix,100010,positive_mix,0.010443,0.414557,hard_positive,19,96,mix_prob,0.010443,
English#EN-Alto-2#Pharyngeal#Easy On Me#Control_Group#0003,D:\-MindEcho-main\ml_dl_models\gtsinger_multitech\dataset\raw\English\EN-Alto-2\Pharyngeal\Easy On Me\Control_Group\0003.wav,English/EN-Alto-2/Pharyngeal/Easy On Me/Control_Group/0003.wav,English,EN-Alto-2,Easy On Me,Control_Group,1,0,0,0,1,0,1,clear_mix,100010,positive_mix,0.010443,0.414557,hard_positive,20,96,mix_prob,0.010443,
English#EN-Alto-2#Vibrato#All of Me#Control_Group#0005,D:\-MindEcho-main\ml_dl_models\gtsinger_multitech\dataset\raw\English\EN-Alto-2\Vibrato\All of Me\Control_Group\0005.wav,English/EN-Alto-2/Vibrato/All of Me/Control_Group/0005.wav,English,EN-Alto-2,All of Me,Control_Group,1,0,0,0,1,0,1,clear_mix,100010,positive_mix,0.011326,0.413674,hard_positive,21,96,mix_prob,0.011326,
English#EN-Alto-2#Pharyngeal#What Are Words#Pharyngeal_Group#0001,D:\-MindEcho-main\ml_dl_models\gtsinger_multitech\dataset\raw\English\EN-Alto-2\Pharyngeal\What Are Words\Pharyngeal_Group\0001.wav,English/EN-Alto-2/Pharyngeal/What Are Words/Pharyngeal_Group/0001.wav,English,EN-Alto-2,What Are Words,Pharyngeal_Group,1,0,0,0,1,1,1,clear_mix,100011,positive_mix,0.01195,0.41305,hard_positive,22,96,mix_prob,0.01195,
English#EN-Alto-2#Breathy#All of Me#Control_Group#0006,D:\-MindEcho-main\ml_dl_models\gtsinger_multitech\dataset\raw\English\EN-Alto-2\Breathy\All of Me\Control_Group\0006.wav,English/EN-Alto-2/Breathy/All of Me/Control_Group/0006.wav,English,EN-Alto-2,All of Me,Control_Group,1,0,0,0,1,0,1,clear_mix,100010,positive_mix,0.014528,0.410472,hard_positive,23,96,mix_prob,0.014528,
English#EN-Alto-2#Glissando#All of Me#Control_Group#0006,D:\-MindEcho-main\ml_dl_models\gtsinger_multitech\dataset\raw\English\EN-Alto-2\Glissando\All of Me\Control_Group\0006.wav,English/EN-Alto-2/Glissando/All of Me/Control_Group/0006.wav,English,EN-Alto-2,All of Me,Control_Group,1,0,0,0,1,0,1,clear_mix,100010,positive_mix,0.014528,0.410472,hard_positive,24,96,mix_prob,0.014528,
English#EN-Alto-2#Pharyngeal#All of Me#Control_Group#0006,D:\-MindEcho-main\ml_dl_models\gtsinger_multitech\dataset\raw\English\EN-Alto-2\Pharyngeal\All of Me\Control_Group\0006.wav,English/EN-Alto-2/Pharyngeal/All of Me/Control_Group/0006.wav,English,EN-Alto-2,All of Me,Control_Group,1,0,0,0,1,0,1,clear_mix,100010,positive_mix,0.014528,0.410472,hard_positive,25,96,mix_prob,0.014528,
English#EN-Alto-2#Mixed_Voice_and_Falsetto#YOUTH#Mixed_Voice_Group#0000,D:\-MindEcho-main\ml_dl_models\gtsinger_multitech\dataset\raw\English\EN-Alto-2\Mixed_Voice_and_Falsetto\YOUTH\Mixed_Voice_Group\0000.wav,English/EN-Alto-2/Mixed_Voice_and_Falsetto/YOUTH/Mixed_Voice_Group/0000.wav,English,EN-Alto-2,YOUTH,Mixed_Voice_Group,1,0,0,0,1,0,1,clear_mix,100010,positive_mix,0.014658,0.410342,hard_positive,26,96,mix_prob,0.014658,
English#EN-Alto-2#Glissando#A Thousand Years#Control_Group#0006,D:\-MindEcho-main\ml_dl_models\gtsinger_multitech\dataset\raw\English\EN-Alto-2\Glissando\A Thousand Years\Control_Group\0006.wav,English/EN-Alto-2/Glissando/A Thousand Years/Control_Group/0006.wav,English,EN-Alto-2,A Thousand Years,Control_Group,1,0,0,0,1,0,1,clear_mix,100010,positive_mix,0.014804,0.410196,hard_positive,27,96,mix_prob,0.014804,
English#EN-Alto-2#Vibrato#A Thousand Years#Control_Group#0006,D:\-MindEcho-main\ml_dl_models\gtsinger_multitech\dataset\raw\English\EN-Alto-2\Vibrato\A Thousand Years\Control_Group\0006.wav,English/EN-Alto-2/Vibrato/A Thousand Years/Control_Group/0006.wav,English,EN-Alto-2,A Thousand Years,Control_Group,1,0,0,0,1,0,1,clear_mix,100010,positive_mix,0.014804,0.410196,hard_positive,28,96,mix_prob,0.014804,
English#EN-Alto-2#Pharyngeal#A Thousand Years#Control_Group#0001,D:\-MindEcho-main\ml_dl_models\gtsinger_multitech\dataset\raw\English\EN-Alto-2\Pharyngeal\A Thousand Years\Control_Group\0001.wav,English/EN-Alto-2/Pharyngeal/A Thousand Years/Control_Group/0001.wav,English,EN-Alto-2,A Thousand Years,Control_Group,1,0,0,0,1,0,1,clear_mix,100010,positive_mix,0.015507,0.409493,hard_positive,29,96,mix_prob,0.015507,
English#EN-Alto-2#Glissando#My Love#Control_Group#0005,D:\-MindEcho-main\ml_dl_models\gtsinger_multitech\dataset\raw\English\EN-Alto-2\Glissando\My Love\Control_Group\0005.wav,English/EN-Alto-2/Glissando/My Love/Control_Group/0005.wav,English,EN-Alto-2,My Love,Control_Group,1,0,0,0,0,0,1,clear_mix,100000,positive_mix,0.01637,0.40863,hard_positive,30,96,mix_prob,0.01637,
English#EN-Alto-2#Pharyngeal#Love Story#Pharyngeal_Group#0003,D:\-MindEcho-main\ml_dl_models\gtsinger_multitech\dataset\raw\English\EN-Alto-2\Pharyngeal\Love Story\Pharyngeal_Group\0003.wav,English/EN-Alto-2/Pharyngeal/Love Story/Pharyngeal_Group/0003.wav,English,EN-Alto-2,Love Story,Pharyngeal_Group,1,0,0,1,1,1,1,clear_mix,100111,positive_mix,0.016618,0.408382,hard_positive,31,96,mix_prob,0.016618,
English#EN-Alto-2#Mixed_Voice_and_Falsetto#Let Her Go#Mixed_Voice_Group#0003,D:\-MindEcho-main\ml_dl_models\gtsinger_multitech\dataset\raw\English\EN-Alto-2\Mixed_Voice_and_Falsetto\Let Her Go\Mixed_Voice_Group\0003.wav,English/EN-Alto-2/Mixed_Voice_and_Falsetto/Let Her Go/Mixed_Voice_Group/0003.wav,English,EN-Alto-2,Let Her Go,Mixed_Voice_Group,1,0,0,0,1,0,1,clear_mix,100010,positive_mix,0.016877,0.408123,hard_positive,32,96,mix_prob,0.016877,
English#EN-Alto-2#Vibrato#My Love#Control_Group#0006,D:\-MindEcho-main\ml_dl_models\gtsinger_multitech\dataset\raw\English\EN-Alto-2\Vibrato\My Love\Control_Group\0006.wav,English/EN-Alto-2/Vibrato/My Love/Control_Group/0006.wav,English,EN-Alto-2,My Love,Control_Group,1,0,0,0,1,0,1,clear_mix,100010,positive_mix,0.01767,0.40733,hard_positive,33,96,mix_prob,0.01767,
English#EN-Alto-2#Pharyngeal#Yesterday Once More#Control_Group#0008,D:\-MindEcho-main\ml_dl_models\gtsinger_multitech\dataset\raw\English\EN-Alto-2\Pharyngeal\Yesterday Once More\Control_Group\0008.wav,English/EN-Alto-2/Pharyngeal/Yesterday Once More/Control_Group/0008.wav,English,EN-Alto-2,Yesterday Once More,Control_Group,1,0,0,0,0,0,1,clear_mix,100000,positive_mix,0.018452,0.406548,hard_positive,34,96,mix_prob,0.018452,
English#EN-Alto-2#Mixed_Voice_and_Falsetto#God is A Girl#Mixed_Voice_Group#0006,D:\-MindEcho-main\ml_dl_models\gtsinger_multitech\dataset\raw\English\EN-Alto-2\Mixed_Voice_and_Falsetto\God is A Girl\Mixed_Voice_Group\0006.wav,English/EN-Alto-2/Mixed_Voice_and_Falsetto/God is A Girl/Mixed_Voice_Group/0006.wav,English,EN-Alto-2,God is A Girl,Mixed_Voice_Group,1,0,0,0,0,0,1,clear_mix,100000,positive_mix,0.018576,0.406424,hard_positive,35,96,mix_prob,0.018576,
English#EN-Alto-2#Breathy#Yesterday Once More#Control_Group#0004,D:\-MindEcho-main\ml_dl_models\gtsinger_multitech\dataset\raw\English\EN-Alto-2\Breathy\Yesterday Once More\Control_Group\0004.wav,English/EN-Alto-2/Breathy/Yesterday Once More/Control_Group/0004.wav,English,EN-Alto-2,Yesterday Once More,Control_Group,1,0,0,0,1,0,1,clear_mix,100010,positive_mix,0.019531,0.405469,hard_positive,36,96,mix_prob,0.019531,
English#EN-Alto-2#Glissando#Yesterday Once More#Control_Group#0004,D:\-MindEcho-main\ml_dl_models\gtsinger_multitech\dataset\raw\English\EN-Alto-2\Glissando\Yesterday Once More\Control_Group\0004.wav,English/EN-Alto-2/Glissando/Yesterday Once More/Control_Group/0004.wav,English,EN-Alto-2,Yesterday Once More,Control_Group,1,0,0,0,0,0,1,clear_mix,100000,positive_mix,0.019531,0.405469,hard_positive,37,96,mix_prob,0.019531,
English#EN-Alto-2#Pharyngeal#Yesterday Once More#Control_Group#0004,D:\-MindEcho-main\ml_dl_models\gtsinger_multitech\dataset\raw\English\EN-Alto-2\Pharyngeal\Yesterday Once More\Control_Group\0004.wav,English/EN-Alto-2/Pharyngeal/Yesterday Once More/Control_Group/0004.wav,English,EN-Alto-2,Yesterday Once More,Control_Group,1,0,0,0,1,0,1,clear_mix,100010,positive_mix,0.019531,0.405469,hard_positive,38,96,mix_prob,0.019531,
English#EN-Alto-2#Mixed_Voice_and_Falsetto#YOUTH#Mixed_Voice_Group#0004,D:\-MindEcho-main\ml_dl_models\gtsinger_multitech\dataset\raw\English\EN-Alto-2\Mixed_Voice_and_Falsetto\YOUTH\Mixed_Voice_Group\0004.wav,English/EN-Alto-2/Mixed_Voice_and_Falsetto/YOUTH/Mixed_Voice_Group/0004.wav,English,EN-Alto-2,YOUTH,Mixed_Voice_Group,1,0,0,0,1,0,1,clear_mix,100010,positive_mix,0.019934,0.405066,hard_positive,39,96,mix_prob,0.019934,
English#EN-Alto-2#Mixed_Voice_and_Falsetto#Let It Go#Mixed_Voice_Group#0001,D:\-MindEcho-main\ml_dl_models\gtsinger_multitech\dataset\raw\English\EN-Alto-2\Mixed_Voice_and_Falsetto\Let It Go\Mixed_Voice_Group\0001.wav,English/EN-Alto-2/Mixed_Voice_and_Falsetto/Let It Go/Mixed_Voice_Group/0001.wav,English,EN-Alto-2,Let It Go,Mixed_Voice_Group,1,0,0,0,1,0,1,clear_mix,100010,positive_mix,0.020799,0.404201,hard_positive,40,96,mix_prob,0.020799,
English#EN-Alto-2#Mixed_Voice_and_Falsetto#Call Me Maybe#Mixed_Voice_Group#0001,D:\-MindEcho-main\ml_dl_models\gtsinger_multitech\dataset\raw\English\EN-Alto-2\Mixed_Voice_and_Falsetto\Call Me Maybe\Mixed_Voice_Group\0001.wav,English/EN-Alto-2/Mixed_Voice_and_Falsetto/Call Me Maybe/Mixed_Voice_Group/0001.wav,English,EN-Alto-2,Call Me Maybe,Mixed_Voice_Group,1,0,0,0,1,0,1,clear_mix,100010,positive_mix,0.021873,0.403127,hard_positive,41,96,mix_prob,0.021873,
English#EN-Alto-2#Mixed_Voice_and_Falsetto#Young And Beautiful#Mixed_Voice_Group#0004,D:\-MindEcho-main\ml_dl_models\gtsinger_multitech\dataset\raw\English\EN-Alto-2\Mixed_Voice_and_Falsetto\Young And Beautiful\Mixed_Voice_Group\0004.wav,English/EN-Alto-2/Mixed_Voice_and_Falsetto/Young And Beautiful/Mixed_Voice_Group/0004.wav,English,EN-Alto-2,Young And Beautiful,Mixed_Voice_Group,1,0,0,0,1,0,1,clear_mix,100010,positive_mix,0.023966,0.401034,hard_positive,42,96,mix_prob,0.023966,
English#EN-Alto-2#Pharyngeal#Young And Beautiful#Control_Group#0004,D:\-MindEcho-main\ml_dl_models\gtsinger_multitech\dataset\raw\English\EN-Alto-2\Pharyngeal\Young And Beautiful\Control_Group\0004.wav,English/EN-Alto-2/Pharyngeal/Young And Beautiful/Control_Group/0004.wav,English,EN-Alto-2,Young And Beautiful,Control_Group,1,0,0,0,1,0,1,clear_mix,100010,positive_mix,0.023966,0.401034,hard_positive,43,96,mix_prob,0.023966,
English#EN-Alto-2#Mixed_Voice_and_Falsetto#A Thousand Years#Mixed_Voice_Group#0006,D:\-MindEcho-main\ml_dl_models\gtsinger_multitech\dataset\raw\English\EN-Alto-2\Mixed_Voice_and_Falsetto\A Thousand Years\Mixed_Voice_Group\0006.wav,English/EN-Alto-2/Mixed_Voice_and_Falsetto/A Thousand Years/Mixed_Voice_Group/0006.wav,English,EN-Alto-2,A Thousand Years,Mixed_Voice_Group,1,0,0,0,1,0,1,clear_mix,100010,positive_mix,0.024801,0.400199,hard_positive,44,96,mix_prob,0.024801,
English#EN-Alto-2#Mixed_Voice_and_Falsetto#Five Hundred Miles#Mixed_Voice_Group#0002,D:\-MindEcho-main\ml_dl_models\gtsinger_multitech\dataset\raw\English\EN-Alto-2\Mixed_Voice_and_Falsetto\Five Hundred Miles\Mixed_Voice_Group\0002.wav,English/EN-Alto-2/Mixed_Voice_and_Falsetto/Five Hundred Miles/Mixed_Voice_Group/0002.wav,English,EN-Alto-2,Five Hundred Miles,Mixed_Voice_Group,1,0,0,0,1,0,1,clear_mix,100010,positive_mix,0.024924,0.400076,hard_positive,45,96,mix_prob,0.024924,
English#EN-Alto-2#Glissando#You Raise Me Up#Control_Group#0004,D:\-MindEcho-main\ml_dl_models\gtsinger_multitech\dataset\raw\English\EN-Alto-2\Glissando\You Raise Me Up\Control_Group\0004.wav,English/EN-Alto-2/Glissando/You Raise Me Up/Control_Group/0004.wav,English,EN-Alto-2,You Raise Me Up,Control_Group,1,0,0,0,1,0,1,clear_mix,100010,positive_mix,0.025981,0.399019,hard_positive,46,96,mix_prob,0.025981,
English#EN-Alto-2#Pharyngeal#You Raise Me Up#Control_Group#0004,D:\-MindEcho-main\ml_dl_models\gtsinger_multitech\dataset\raw\English\EN-Alto-2\Pharyngeal\You Raise Me Up\Control_Group\0004.wav,English/EN-Alto-2/Pharyngeal/You Raise Me Up/Control_Group/0004.wav,English,EN-Alto-2,You Raise Me Up,Control_Group,1,0,0,0,1,0,1,clear_mix,100010,positive_mix,0.025981,0.399019,hard_positive,47,96,mix_prob,0.025981,
English#EN-Alto-2#Mixed_Voice_and_Falsetto#Five Hundred Miles#Mixed_Voice_Group#0007,D:\-MindEcho-main\ml_dl_models\gtsinger_multitech\dataset\raw\English\EN-Alto-2\Mixed_Voice_and_Falsetto\Five Hundred Miles\Mixed_Voice_Group\0007.wav,English/EN-Alto-2/Mixed_Voice_and_Falsetto/Five Hundred Miles/Mixed_Voice_Group/0007.wav,English,EN-Alto-2,Five Hundred Miles,Mixed_Voice_Group,1,0,0,0,1,0,1,clear_mix,100010,positive_mix,0.027445,0.397555,hard_positive,48,96,mix_prob,0.027445,
English#EN-Alto-2#Glissando#You Raise Me Up#Control_Group#0002,D:\-MindEcho-main\ml_dl_models\gtsinger_multitech\dataset\raw\English\EN-Alto-2\Glissando\You Raise Me Up\Control_Group\0002.wav,English/EN-Alto-2/Glissando/You Raise Me Up/Control_Group/0002.wav,English,EN-Alto-2,You Raise Me Up,Control_Group,1,0,0,0,1,0,1,clear_mix,100010,positive_mix,0.027817,0.397183,hard_positive,49,96,mix_prob,0.027817,
English#EN-Alto-2#Pharyngeal#You Raise Me Up#Control_Group#0002,D:\-MindEcho-main\ml_dl_models\gtsinger_multitech\dataset\raw\English\EN-Alto-2\Pharyngeal\You Raise Me Up\Control_Group\0002.wav,English/EN-Alto-2/Pharyngeal/You Raise Me Up/Control_Group/0002.wav,English,EN-Alto-2,You Raise Me Up,Control_Group,1,0,0,0,1,0,1,clear_mix,100010,positive_mix,0.027817,0.397183,hard_positive,50,96,mix_prob,0.027817,
English#EN-Alto-2#Mixed_Voice_and_Falsetto#God is A Girl#Mixed_Voice_Group#0007,D:\-MindEcho-main\ml_dl_models\gtsinger_multitech\dataset\raw\English\EN-Alto-2\Mixed_Voice_and_Falsetto\God is A Girl\Mixed_Voice_Group\0007.wav,English/EN-Alto-2/Mixed_Voice_and_Falsetto/God is A Girl/Mixed_Voice_Group/0007.wav,English,EN-Alto-2,God is A Girl,Mixed_Voice_Group,1,0,0,0,1,0,1,clear_mix,100010,positive_mix,0.028015,0.396985,hard_positive,51,96,mix_prob,0.028015,
English#EN-Alto-2#Breathy#Young And Beautiful#Control_Group#0004,D:\-MindEcho-main\ml_dl_models\gtsinger_multitech\dataset\raw\English\EN-Alto-2\Breathy\Young And Beautiful\Control_Group\0004.wav,English/EN-Alto-2/Breathy/Young And Beautiful/Control_Group/0004.wav,English,EN-Alto-2,Young And Beautiful,Control_Group,1,0,0,0,1,0,1,clear_mix,100010,positive_mix,0.028917,0.396083,hard_positive,52,96,mix_prob,0.028917,
English#EN-Alto-2#Glissando#Young And Beautiful#Control_Group#0004,D:\-MindEcho-main\ml_dl_models\gtsinger_multitech\dataset\raw\English\EN-Alto-2\Glissando\Young And Beautiful\Control_Group\0004.wav,English/EN-Alto-2/Glissando/Young And Beautiful/Control_Group/0004.wav,English,EN-Alto-2,Young And Beautiful,Control_Group,1,0,0,0,1,0,1,clear_mix,100010,positive_mix,0.028917,0.396083,hard_positive,53,96,mix_prob,0.028917,
English#EN-Alto-2#Breathy#Safe and Sound#Control_Group#0002,D:\-MindEcho-main\ml_dl_models\gtsinger_multitech\dataset\raw\English\EN-Alto-2\Breathy\Safe and Sound\Control_Group\0002.wav,English/EN-Alto-2/Breathy/Safe and Sound/Control_Group/0002.wav,English,EN-Alto-2,Safe and Sound,Control_Group,1,0,0,0,1,0,1,clear_mix,100010,positive_mix,0.029137,0.395863,hard_positive,54,96,mix_prob,0.029137,
English#EN-Alto-2#Glissando#Safe and Sound#Control_Group#0002,D:\-MindEcho-main\ml_dl_models\gtsinger_multitech\dataset\raw\English\EN-Alto-2\Glissando\Safe and Sound\Control_Group\0002.wav,English/EN-Alto-2/Glissando/Safe and Sound/Control_Group/0002.wav,English,EN-Alto-2,Safe and Sound,Control_Group,1,0,0,0,1,0,1,clear_mix,100010,positive_mix,0.029137,0.395863,hard_positive,55,96,mix_prob,0.029137,
English#EN-Alto-2#Mixed_Voice_and_Falsetto#Safe and Sound#Mixed_Voice_Group#0002,D:\-MindEcho-main\ml_dl_models\gtsinger_multitech\dataset\raw\English\EN-Alto-2\Mixed_Voice_and_Falsetto\Safe and Sound\Mixed_Voice_Group\0002.wav,English/EN-Alto-2/Mixed_Voice_and_Falsetto/Safe and Sound/Mixed_Voice_Group/0002.wav,English,EN-Alto-2,Safe and Sound,Mixed_Voice_Group,1,0,0,0,1,0,1,clear_mix,100010,positive_mix,0.029137,0.395863,hard_positive,56,96,mix_prob,0.029137,
English#EN-Alto-2#Pharyngeal#Safe and Sound#Control_Group#0002,D:\-MindEcho-main\ml_dl_models\gtsinger_multitech\dataset\raw\English\EN-Alto-2\Pharyngeal\Safe and Sound\Control_Group\0002.wav,English/EN-Alto-2/Pharyngeal/Safe and Sound/Control_Group/0002.wav,English,EN-Alto-2,Safe and Sound,Control_Group,1,0,0,0,1,0,1,clear_mix,100010,positive_mix,0.029137,0.395863,hard_positive,57,96,mix_prob,0.029137,
English#EN-Alto-2#Pharyngeal#What Are Words#Pharyngeal_Group#0002,D:\-MindEcho-main\ml_dl_models\gtsinger_multitech\dataset\raw\English\EN-Alto-2\Pharyngeal\What Are Words\Pharyngeal_Group\0002.wav,English/EN-Alto-2/Pharyngeal/What Are Words/Pharyngeal_Group/0002.wav,English,EN-Alto-2,What Are Words,Pharyngeal_Group,1,0,0,0,1,1,1,clear_mix,100011,positive_mix,0.029669,0.395331,hard_positive,58,96,mix_prob,0.029669,
English#EN-Alto-2#Mixed_Voice_and_Falsetto#Let Her Go#Mixed_Voice_Group#0005,D:\-MindEcho-main\ml_dl_models\gtsinger_multitech\dataset\raw\English\EN-Alto-2\Mixed_Voice_and_Falsetto\Let Her Go\Mixed_Voice_Group\0005.wav,English/EN-Alto-2/Mixed_Voice_and_Falsetto/Let Her Go/Mixed_Voice_Group/0005.wav,English,EN-Alto-2,Let Her Go,Mixed_Voice_Group,1,0,0,0,1,0,1,clear_mix,100010,positive_mix,0.031777,0.393223,hard_positive,59,96,mix_prob,0.031777,
English#EN-Alto-2#Breathy#What Are Words#Control_Group#0003,D:\-MindEcho-main\ml_dl_models\gtsinger_multitech\dataset\raw\English\EN-Alto-2\Breathy\What Are Words\Control_Group\0003.wav,English/EN-Alto-2/Breathy/What Are Words/Control_Group/0003.wav,English,EN-Alto-2,What Are Words,Control_Group,1,0,0,0,1,0,1,clear_mix,100010,positive_mix,0.032783,0.392217,hard_positive,60,96,mix_prob,0.032783,
English#EN-Alto-2#Breathy#Fly Me to the Moon#Control_Group#0005,D:\-MindEcho-main\ml_dl_models\gtsinger_multitech\dataset\raw\English\EN-Alto-2\Breathy\Fly Me to the Moon\Control_Group\0005.wav,English/EN-Alto-2/Breathy/Fly Me to the Moon/Control_Group/0005.wav,English,EN-Alto-2,Fly Me to the Moon,Control_Group,1,0,0,0,1,0,1,clear_mix,100010,positive_mix,0.033611,0.391389,hard_positive,61,96,mix_prob,0.033611,
English#EN-Alto-2#Glissando#Fly Me to the Moon#Control_Group#0005,D:\-MindEcho-main\ml_dl_models\gtsinger_multitech\dataset\raw\English\EN-Alto-2\Glissando\Fly Me to the Moon\Control_Group\0005.wav,English/EN-Alto-2/Glissando/Fly Me to the Moon/Control_Group/0005.wav,English,EN-Alto-2,Fly Me to the Moon,Control_Group,1,0,0,0,1,0,1,clear_mix,100010,positive_mix,0.033611,0.391389,hard_positive,62,96,mix_prob,0.033611,
English#EN-Alto-2#Pharyngeal#Fly Me to the Moon#Control_Group#0005,D:\-MindEcho-main\ml_dl_models\gtsinger_multitech\dataset\raw\English\EN-Alto-2\Pharyngeal\Fly Me to the Moon\Control_Group\0005.wav,English/EN-Alto-2/Pharyngeal/Fly Me to the Moon/Control_Group/0005.wav,English,EN-Alto-2,Fly Me to the Moon,Control_Group,1,0,0,0,1,0,1,clear_mix,100010,positive_mix,0.033611,0.391389,hard_positive,63,96,mix_prob,0.033611,
English#EN-Alto-2#Vibrato#Fly Me to the Moon#Control_Group#0005,D:\-MindEcho-main\ml_dl_models\gtsinger_multitech\dataset\raw\English\EN-Alto-2\Vibrato\Fly Me to the Moon\Control_Group\0005.wav,English/EN-Alto-2/Vibrato/Fly Me to the Moon/Control_Group/0005.wav,English,EN-Alto-2,Fly Me to the Moon,Control_Group,1,0,0,0,1,0,1,clear_mix,100010,positive_mix,0.033611,0.391389,hard_positive,64,96,mix_prob,0.033611,
English#EN-Alto-2#Mixed_Voice_and_Falsetto#The Show#Mixed_Voice_Group#0004,D:\-MindEcho-main\ml_dl_models\gtsinger_multitech\dataset\raw\English\EN-Alto-2\Mixed_Voice_and_Falsetto\The Show\Mixed_Voice_Group\0004.wav,English/EN-Alto-2/Mixed_Voice_and_Falsetto/The Show/Mixed_Voice_Group/0004.wav,English,EN-Alto-2,The Show,Mixed_Voice_Group,1,0,0,0,0,0,1,clear_mix,100000,positive_mix,0.035108,0.389892,hard_positive,65,96,mix_prob,0.035108,
English#EN-Alto-2#Mixed_Voice_and_Falsetto#Call Me Maybe#Mixed_Voice_Group#0004,D:\-MindEcho-main\ml_dl_models\gtsinger_multitech\dataset\raw\English\EN-Alto-2\Mixed_Voice_and_Falsetto\Call Me Maybe\Mixed_Voice_Group\0004.wav,English/EN-Alto-2/Mixed_Voice_and_Falsetto/Call Me Maybe/Mixed_Voice_Group/0004.wav,English,EN-Alto-2,Call Me Maybe,Mixed_Voice_Group,1,0,0,0,1,0,1,clear_mix,100010,positive_mix,0.036507,0.388493,hard_positive,66,96,mix_prob,0.036507,
English#EN-Alto-2#Mixed_Voice_and_Falsetto#YOUTH#Mixed_Voice_Group#0001,D:\-MindEcho-main\ml_dl_models\gtsinger_multitech\dataset\raw\English\EN-Alto-2\Mixed_Voice_and_Falsetto\YOUTH\Mixed_Voice_Group\0001.wav,English/EN-Alto-2/Mixed_Voice_and_Falsetto/YOUTH/Mixed_Voice_Group/0001.wav,English,EN-Alto-2,YOUTH,Mixed_Voice_Group,1,0,0,0,1,0,1,clear_mix,100010,positive_mix,0.041252,0.383748,hard_positive,67,96,mix_prob,0.041252,
English#EN-Alto-2#Pharyngeal#Someone Like You#Control_Group#0004,D:\-MindEcho-main\ml_dl_models\gtsinger_multitech\dataset\raw\English\EN-Alto-2\Pharyngeal\Someone Like You\Control_Group\0004.wav,English/EN-Alto-2/Pharyngeal/Someone Like You/Control_Group/0004.wav,English,EN-Alto-2,Someone Like You,Control_Group,1,0,0,0,1,0,1,clear_mix,100010,positive_mix,0.042048,0.382952,hard_positive,68,96,mix_prob,0.042048,
English#EN-Alto-2#Vibrato#Someone Like You#Control_Group#0004,D:\-MindEcho-main\ml_dl_models\gtsinger_multitech\dataset\raw\English\EN-Alto-2\Vibrato\Someone Like You\Control_Group\0004.wav,English/EN-Alto-2/Vibrato/Someone Like You/Control_Group/0004.wav,English,EN-Alto-2,Someone Like You,Control_Group,1,0,0,0,1,0,1,clear_mix,100010,positive_mix,0.042174,0.382826,hard_positive,69,96,mix_prob,0.042174,
English#EN-Alto-2#Mixed_Voice_and_Falsetto#God is A Girl#Mixed_Voice_Group#0005,D:\-MindEcho-main\ml_dl_models\gtsinger_multitech\dataset\raw\English\EN-Alto-2\Mixed_Voice_and_Falsetto\God is A Girl\Mixed_Voice_Group\0005.wav,English/EN-Alto-2/Mixed_Voice_and_Falsetto/God is A Girl/Mixed_Voice_Group/0005.wav,English,EN-Alto-2,God is A Girl,Mixed_Voice_Group,1,0,0,0,1,0,1,clear_mix,100010,positive_mix,0.044294,0.380706,hard_positive,70,96,mix_prob,0.044294,
English#EN-Alto-2#Mixed_Voice_and_Falsetto#Someone Like You#Mixed_Voice_Group#0004,D:\-MindEcho-main\ml_dl_models\gtsinger_multitech\dataset\raw\English\EN-Alto-2\Mixed_Voice_and_Falsetto\Someone Like You\Mixed_Voice_Group\0004.wav,English/EN-Alto-2/Mixed_Voice_and_Falsetto/Someone Like You/Mixed_Voice_Group/0004.wav,English,EN-Alto-2,Someone Like You,Mixed_Voice_Group,1,0,0,0,1,0,1,clear_mix,100010,positive_mix,0.045854,0.379146,hard_positive,71,96,mix_prob,0.045854,
English#EN-Alto-2#Mixed_Voice_and_Falsetto#Try#Mixed_Voice_Group#0003,D:\-MindEcho-main\ml_dl_models\gtsinger_multitech\dataset\raw\English\EN-Alto-2\Mixed_Voice_and_Falsetto\Try\Mixed_Voice_Group\0003.wav,English/EN-Alto-2/Mixed_Voice_and_Falsetto/Try/Mixed_Voice_Group/0003.wav,English,EN-Alto-2,Try,Mixed_Voice_Group,1,0,0,0,1,0,1,clear_mix,100010,positive_mix,0.046421,0.378579,hard_positive,72,96,mix_prob,0.046421,
English#EN-Alto-2#Mixed_Voice_and_Falsetto#YOUTH#Mixed_Voice_Group#0003,D:\-MindEcho-main\ml_dl_models\gtsinger_multitech\dataset\raw\English\EN-Alto-2\Mixed_Voice_and_Falsetto\YOUTH\Mixed_Voice_Group\0003.wav,English/EN-Alto-2/Mixed_Voice_and_Falsetto/YOUTH/Mixed_Voice_Group/0003.wav,English,EN-Alto-2,YOUTH,Mixed_Voice_Group,1,0,0,0,1,0,1,clear_mix,100010,positive_mix,0.046762,0.378238,hard_positive,73,96,mix_prob,0.046762,
English#EN-Alto-2#Mixed_Voice_and_Falsetto#Five Hundred Miles#Mixed_Voice_Group#0000,D:\-MindEcho-main\ml_dl_models\gtsinger_multitech\dataset\raw\English\EN-Alto-2\Mixed_Voice_and_Falsetto\Five Hundred Miles\Mixed_Voice_Group\0000.wav,English/EN-Alto-2/Mixed_Voice_and_Falsetto/Five Hundred Miles/Mixed_Voice_Group/0000.wav,English,EN-Alto-2,Five Hundred Miles,Mixed_Voice_Group,1,0,0,0,1,0,1,clear_mix,100010,positive_mix,0.047584,0.377416,hard_positive,74,96,mix_prob,0.047584,
English#EN-Alto-2#Mixed_Voice_and_Falsetto#Call Me Maybe#Mixed_Voice_Group#0002,D:\-MindEcho-main\ml_dl_models\gtsinger_multitech\dataset\raw\English\EN-Alto-2\Mixed_Voice_and_Falsetto\Call Me Maybe\Mixed_Voice_Group\0002.wav,English/EN-Alto-2/Mixed_Voice_and_Falsetto/Call Me Maybe/Mixed_Voice_Group/0002.wav,English,EN-Alto-2,Call Me Maybe,Mixed_Voice_Group,1,0,0,0,1,0,1,clear_mix,100010,positive_mix,0.049118,0.375882,hard_positive,75,96,mix_prob,0.049118,
English#EN-Alto-2#Breathy#Someone Like You#Control_Group#0004,D:\-MindEcho-main\ml_dl_models\gtsinger_multitech\dataset\raw\English\EN-Alto-2\Breathy\Someone Like You\Control_Group\0004.wav,English/EN-Alto-2/Breathy/Someone Like You/Control_Group/0004.wav,English,EN-Alto-2,Someone Like You,Control_Group,1,0,0,0,1,0,1,clear_mix,100010,positive_mix,0.050063,0.374937,hard_positive,76,96,mix_prob,0.050063,
English#EN-Alto-2#Mixed_Voice_and_Falsetto#City Of Stars#Mixed_Voice_Group#0009,D:\-MindEcho-main\ml_dl_models\gtsinger_multitech\dataset\raw\English\EN-Alto-2\Mixed_Voice_and_Falsetto\City Of Stars\Mixed_Voice_Group\0009.wav,English/EN-Alto-2/Mixed_Voice_and_Falsetto/City Of Stars/Mixed_Voice_Group/0009.wav,English,EN-Alto-2,City Of Stars,Mixed_Voice_Group,1,0,0,0,0,0,1,clear_mix,100000,positive_mix,0.057018,0.367982,hard_positive,77,96,mix_prob,0.057018,
English#EN-Alto-2#Mixed_Voice_and_Falsetto#This Is Me#Mixed_Voice_Group#0005,D:\-MindEcho-main\ml_dl_models\gtsinger_multitech\dataset\raw\English\EN-Alto-2\Mixed_Voice_and_Falsetto\This Is Me\Mixed_Voice_Group\0005.wav,English/EN-Alto-2/Mixed_Voice_and_Falsetto/This Is Me/Mixed_Voice_Group/0005.wav,English,EN-Alto-2,This Is Me,Mixed_Voice_Group,1,0,0,0,1,0,1,clear_mix,100010,positive_mix,0.057326,0.367674,hard_positive,78,96,mix_prob,0.057326,
English#EN-Alto-2#Mixed_Voice_and_Falsetto#Let Her Go#Mixed_Voice_Group#0004,D:\-MindEcho-main\ml_dl_models\gtsinger_multitech\dataset\raw\English\EN-Alto-2\Mixed_Voice_and_Falsetto\Let Her Go\Mixed_Voice_Group\0004.wav,English/EN-Alto-2/Mixed_Voice_and_Falsetto/Let Her Go/Mixed_Voice_Group/0004.wav,English,EN-Alto-2,Let Her Go,Mixed_Voice_Group,1,0,0,0,1,0,1,clear_mix,100010,positive_mix,0.058256,0.366744,hard_positive,79,96,mix_prob,0.058256,
English#EN-Alto-2#Breathy#Someone You Loved#Control_Group#0005,D:\-MindEcho-main\ml_dl_models\gtsinger_multitech\dataset\raw\English\EN-Alto-2\Breathy\Someone You Loved\Control_Group\0005.wav,English/EN-Alto-2/Breathy/Someone You Loved/Control_Group/0005.wav,English,EN-Alto-2,Someone You Loved,Control_Group,1,0,0,0,1,0,1,clear_mix,100010,positive_mix,0.058932,0.366068,hard_positive,80,96,mix_prob,0.058932,
English#EN-Alto-2#Glissando#Someone You Loved#Control_Group#0005,D:\-MindEcho-main\ml_dl_models\gtsinger_multitech\dataset\raw\English\EN-Alto-2\Glissando\Someone You Loved\Control_Group\0005.wav,English/EN-Alto-2/Glissando/Someone You Loved/Control_Group/0005.wav,English,EN-Alto-2,Someone You Loved,Control_Group,1,0,0,0,1,0,1,clear_mix,100010,positive_mix,0.058932,0.366068,hard_positive,81,96,mix_prob,0.058932,
English#EN-Alto-2#Pharyngeal#Someone You Loved#Control_Group#0005,D:\-MindEcho-main\ml_dl_models\gtsinger_multitech\dataset\raw\English\EN-Alto-2\Pharyngeal\Someone You Loved\Control_Group\0005.wav,English/EN-Alto-2/Pharyngeal/Someone You Loved/Control_Group/0005.wav,English,EN-Alto-2,Someone You Loved,Control_Group,1,0,0,0,1,0,1,clear_mix,100010,positive_mix,0.058932,0.366068,hard_positive,82,96,mix_prob,0.058932,
English#EN-Alto-2#Vibrato#Someone You Loved#Control_Group#0005,D:\-MindEcho-main\ml_dl_models\gtsinger_multitech\dataset\raw\English\EN-Alto-2\Vibrato\Someone You Loved\Control_Group\0005.wav,English/EN-Alto-2/Vibrato/Someone You Loved/Control_Group/0005.wav,English,EN-Alto-2,Someone You Loved,Control_Group,1,0,0,0,1,0,1,clear_mix,100010,positive_mix,0.058932,0.366068,hard_positive,83,96,mix_prob,0.058932,
English#EN-Alto-2#Mixed_Voice_and_Falsetto#Five Hundred Miles#Mixed_Voice_Group#0001,D:\-MindEcho-main\ml_dl_models\gtsinger_multitech\dataset\raw\English\EN-Alto-2\Mixed_Voice_and_Falsetto\Five Hundred Miles\Mixed_Voice_Group\0001.wav,English/EN-Alto-2/Mixed_Voice_and_Falsetto/Five Hundred Miles/Mixed_Voice_Group/0001.wav,English,EN-Alto-2,Five Hundred Miles,Mixed_Voice_Group,1,0,0,0,1,0,1,clear_mix,100010,positive_mix,0.059699,0.365301,hard_positive,84,96,mix_prob,0.059699,
English#EN-Alto-2#Mixed_Voice_and_Falsetto#City Of Stars#Mixed_Voice_Group#0004,D:\-MindEcho-main\ml_dl_models\gtsinger_multitech\dataset\raw\English\EN-Alto-2\Mixed_Voice_and_Falsetto\City Of Stars\Mixed_Voice_Group\0004.wav,English/EN-Alto-2/Mixed_Voice_and_Falsetto/City Of Stars/Mixed_Voice_Group/0004.wav,English,EN-Alto-2,City Of Stars,Mixed_Voice_Group,1,0,0,0,1,0,1,clear_mix,100010,positive_mix,0.071761,0.353239,hard_positive,85,96,mix_prob,0.071761,
English#EN-Alto-2#Breathy#Dream It Possible#Control_Group#0005,D:\-MindEcho-main\ml_dl_models\gtsinger_multitech\dataset\raw\English\EN-Alto-2\Breathy\Dream It Possible\Control_Group\0005.wav,English/EN-Alto-2/Breathy/Dream It Possible/Control_Group/0005.wav,English,EN-Alto-2,Dream It Possible,Control_Group,1,0,0,0,1,0,1,clear_mix,100010,positive_mix,0.072663,0.352337,hard_positive,86,96,mix_prob,0.072663,
English#EN-Alto-2#Glissando#Dream It Possible#Control_Group#0005,D:\-MindEcho-main\ml_dl_models\gtsinger_multitech\dataset\raw\English\EN-Alto-2\Glissando\Dream It Possible\Control_Group\0005.wav,English/EN-Alto-2/Glissando/Dream It Possible/Control_Group/0005.wav,English,EN-Alto-2,Dream It Possible,Control_Group,1,0,0,0,1,0,1,clear_mix,100010,positive_mix,0.072663,0.352337,hard_positive,87,96,mix_prob,0.072663,
English#EN-Alto-2#Mixed_Voice_and_Falsetto#Dream It Possible#Mixed_Voice_Group#0005,D:\-MindEcho-main\ml_dl_models\gtsinger_multitech\dataset\raw\English\EN-Alto-2\Mixed_Voice_and_Falsetto\Dream It Possible\Mixed_Voice_Group\0005.wav,English/EN-Alto-2/Mixed_Voice_and_Falsetto/Dream It Possible/Mixed_Voice_Group/0005.wav,English,EN-Alto-2,Dream It Possible,Mixed_Voice_Group,1,0,0,0,1,0,1,clear_mix,100010,positive_mix,0.072663,0.352337,hard_positive,88,96,mix_prob,0.072663,
English#EN-Alto-2#Pharyngeal#Dream It Possible#Control_Group#0006,D:\-MindEcho-main\ml_dl_models\gtsinger_multitech\dataset\raw\English\EN-Alto-2\Pharyngeal\Dream It Possible\Control_Group\0006.wav,English/EN-Alto-2/Pharyngeal/Dream It Possible/Control_Group/0006.wav,English,EN-Alto-2,Dream It Possible,Control_Group,1,0,0,0,1,0,1,clear_mix,100010,positive_mix,0.072663,0.352337,hard_positive,89,96,mix_prob,0.072663,
English#EN-Alto-2#Mixed_Voice_and_Falsetto#The Show#Mixed_Voice_Group#0002,D:\-MindEcho-main\ml_dl_models\gtsinger_multitech\dataset\raw\English\EN-Alto-2\Mixed_Voice_and_Falsetto\The Show\Mixed_Voice_Group\0002.wav,English/EN-Alto-2/Mixed_Voice_and_Falsetto/The Show/Mixed_Voice_Group/0002.wav,English,EN-Alto-2,The Show,Mixed_Voice_Group,1,0,1,1,1,0,1,breathy_mix,101110,positive_mix,0.076788,0.348212,hard_positive,90,96,mix_prob,0.076788,
English#EN-Alto-2#Mixed_Voice_and_Falsetto#City Of Stars#Mixed_Voice_Group#0007,D:\-MindEcho-main\ml_dl_models\gtsinger_multitech\dataset\raw\English\EN-Alto-2\Mixed_Voice_and_Falsetto\City Of Stars\Mixed_Voice_Group\0007.wav,English/EN-Alto-2/Mixed_Voice_and_Falsetto/City Of Stars/Mixed_Voice_Group/0007.wav,English,EN-Alto-2,City Of Stars,Mixed_Voice_Group,1,0,0,0,1,0,1,clear_mix,100010,positive_mix,0.079551,0.345449,hard_positive,91,96,mix_prob,0.079551,
English#EN-Alto-2#Mixed_Voice_and_Falsetto#You Belong With Me#Mixed_Voice_Group#0003,D:\-MindEcho-main\ml_dl_models\gtsinger_multitech\dataset\raw\English\EN-Alto-2\Mixed_Voice_and_Falsetto\You Belong With Me\Mixed_Voice_Group\0003.wav,English/EN-Alto-2/Mixed_Voice_and_Falsetto/You Belong With Me/Mixed_Voice_Group/0003.wav,English,EN-Alto-2,You Belong With Me,Mixed_Voice_Group,1,0,0,0,1,0,1,clear_mix,100010,positive_mix,0.081314,0.343686,hard_positive,92,96,mix_prob,0.081314,
English#EN-Alto-2#Mixed_Voice_and_Falsetto#Try#Mixed_Voice_Group#0002,D:\-MindEcho-main\ml_dl_models\gtsinger_multitech\dataset\raw\English\EN-Alto-2\Mixed_Voice_and_Falsetto\Try\Mixed_Voice_Group\0002.wav,English/EN-Alto-2/Mixed_Voice_and_Falsetto/Try/Mixed_Voice_Group/0002.wav,English,EN-Alto-2,Try,Mixed_Voice_Group,1,0,0,0,1,0,1,clear_mix,100010,positive_mix,0.081684,0.343316,hard_positive,93,96,mix_prob,0.081684,
English#EN-Alto-2#Mixed_Voice_and_Falsetto#Hello#Mixed_Voice_Group#0010,D:\-MindEcho-main\ml_dl_models\gtsinger_multitech\dataset\raw\English\EN-Alto-2\Mixed_Voice_and_Falsetto\Hello\Mixed_Voice_Group\0010.wav,English/EN-Alto-2/Mixed_Voice_and_Falsetto/Hello/Mixed_Voice_Group/0010.wav,English,EN-Alto-2,Hello,Mixed_Voice_Group,1,0,0,0,1,0,1,clear_mix,100010,positive_mix,0.084532,0.340468,hard_positive,94,96,mix_prob,0.084532,
English#EN-Alto-2#Mixed_Voice_and_Falsetto#The Show#Mixed_Voice_Group#0000,D:\-MindEcho-main\ml_dl_models\gtsinger_multitech\dataset\raw\English\EN-Alto-2\Mixed_Voice_and_Falsetto\The Show\Mixed_Voice_Group\0000.wav,English/EN-Alto-2/Mixed_Voice_and_Falsetto/The Show/Mixed_Voice_Group/0000.wav,English,EN-Alto-2,The Show,Mixed_Voice_Group,1,0,0,0,1,0,1,clear_mix,100010,positive_mix,0.085435,0.339565,hard_positive,95,96,mix_prob,0.085435,
English#EN-Alto-2#Mixed_Voice_and_Falsetto#Cry on My Shoulder#Mixed_Voice_Group#0005,D:\-MindEcho-main\ml_dl_models\gtsinger_multitech\dataset\raw\English\EN-Alto-2\Mixed_Voice_and_Falsetto\Cry on My Shoulder\Mixed_Voice_Group\0005.wav,English/EN-Alto-2/Mixed_Voice_and_Falsetto/Cry on My Shoulder/Mixed_Voice_Group/0005.wav,English,EN-Alto-2,Cry on My Shoulder,Mixed_Voice_Group,1,0,0,0,1,0,1,clear_mix,100010,positive_mix,0.086111,0.338889,hard_positive,96,96,mix_prob,0.086111,
English#EN-Tenor-1#Mixed_Voice_and_Falsetto#I Knew You Were Trouble#Falsetto_Group#0003,D:\-MindEcho-main\ml_dl_models\gtsinger_multitech\dataset\raw\English\EN-Tenor-1\Mixed_Voice_and_Falsetto\I Knew You Were Trouble\Falsetto_Group\0003.wav,English/EN-Tenor-1/Mixed_Voice_and_Falsetto/I Knew You Were Trouble/Falsetto_Group/0003.wav,English,EN-Tenor-1,I Knew You Were Trouble,Falsetto_Group,0,1,0,0,1,0,1,non_mix,010010,falsetto_group,0.995131,,hard_negative,1,96,mix_prob,0.995131,0.570131
English#EN-Tenor-1#Mixed_Voice_and_Falsetto#Always Remember Us This Way#Falsetto_Group#0001,D:\-MindEcho-main\ml_dl_models\gtsinger_multitech\dataset\raw\English\EN-Tenor-1\Mixed_Voice_and_Falsetto\Always Remember Us This Way\Falsetto_Group\0001.wav,English/EN-Tenor-1/Mixed_Voice_and_Falsetto/Always Remember Us This Way/Falsetto_Group/0001.wav,English,EN-Tenor-1,Always Remember Us This Way,Falsetto_Group,0,1,0,0,1,0,1,non_mix,010010,falsetto_group,0.993445,,hard_negative,2,96,mix_prob,0.993445,0.568445
English#EN-Tenor-1#Mixed_Voice_and_Falsetto#Unconditionally#Falsetto_Group#0003,D:\-MindEcho-main\ml_dl_models\gtsinger_multitech\dataset\raw\English\EN-Tenor-1\Mixed_Voice_and_Falsetto\Unconditionally\Falsetto_Group\0003.wav,English/EN-Tenor-1/Mixed_Voice_and_Falsetto/Unconditionally/Falsetto_Group/0003.wav,English,EN-Tenor-1,Unconditionally,Falsetto_Group,0,1,0,0,1,0,1,non_mix,010010,falsetto_group,0.99055,,hard_negative,3,96,mix_prob,0.99055,0.56555
English#EN-Tenor-1#Mixed_Voice_and_Falsetto#Always Remember Us This Way#Falsetto_Group#0003,D:\-MindEcho-main\ml_dl_models\gtsinger_multitech\dataset\raw\English\EN-Tenor-1\Mixed_Voice_and_Falsetto\Always Remember Us This Way\Falsetto_Group\0003.wav,English/EN-Tenor-1/Mixed_Voice_and_Falsetto/Always Remember Us This Way/Falsetto_Group/0003.wav,English,EN-Tenor-1,Always Remember Us This Way,Falsetto_Group,0,1,0,0,1,0,1,non_mix,010010,falsetto_group,0.98599,,hard_negative,4,96,mix_prob,0.98599,0.56099
English#EN-Tenor-1#Mixed_Voice_and_Falsetto#Love on the Brain#Falsetto_Group#0010,D:\-MindEcho-main\ml_dl_models\gtsinger_multitech\dataset\raw\English\EN-Tenor-1\Mixed_Voice_and_Falsetto\Love on the Brain\Falsetto_Group\0010.wav,English/EN-Tenor-1/Mixed_Voice_and_Falsetto/Love on the Brain/Falsetto_Group/0010.wav,English,EN-Tenor-1,Love on the Brain,Falsetto_Group,0,1,0,0,1,0,1,non_mix,010010,falsetto_group,0.982974,,hard_negative,5,96,mix_prob,0.982974,0.557974
English#EN-Tenor-1#Mixed_Voice_and_Falsetto#Always Remember Us This Way#Falsetto_Group#0007,D:\-MindEcho-main\ml_dl_models\gtsinger_multitech\dataset\raw\English\EN-Tenor-1\Mixed_Voice_and_Falsetto\Always Remember Us This Way\Falsetto_Group\0007.wav,English/EN-Tenor-1/Mixed_Voice_and_Falsetto/Always Remember Us This Way/Falsetto_Group/0007.wav,English,EN-Tenor-1,Always Remember Us This Way,Falsetto_Group,0,1,0,0,1,0,1,non_mix,010010,falsetto_group,0.981698,,hard_negative,6,96,mix_prob,0.981698,0.556698
English#EN-Tenor-1#Mixed_Voice_and_Falsetto#Take a Bow#Falsetto_Group#0006,D:\-MindEcho-main\ml_dl_models\gtsinger_multitech\dataset\raw\English\EN-Tenor-1\Mixed_Voice_and_Falsetto\Take a Bow\Falsetto_Group\0006.wav,English/EN-Tenor-1/Mixed_Voice_and_Falsetto/Take a Bow/Falsetto_Group/0006.wav,English,EN-Tenor-1,Take a Bow,Falsetto_Group,0,1,0,0,0,0,1,non_mix,010000,falsetto_group,0.980686,,hard_negative,7,96,mix_prob,0.980686,0.555686
English#EN-Tenor-1#Mixed_Voice_and_Falsetto#Love on the Brain#Falsetto_Group#0008,D:\-MindEcho-main\ml_dl_models\gtsinger_multitech\dataset\raw\English\EN-Tenor-1\Mixed_Voice_and_Falsetto\Love on the Brain\Falsetto_Group\0008.wav,English/EN-Tenor-1/Mixed_Voice_and_Falsetto/Love on the Brain/Falsetto_Group/0008.wav,English,EN-Tenor-1,Love on the Brain,Falsetto_Group,0,1,0,0,1,0,1,non_mix,010010,falsetto_group,0.979094,,hard_negative,8,96,mix_prob,0.979094,0.554094
English#EN-Tenor-1#Mixed_Voice_and_Falsetto#Always Remember Us This Way#Falsetto_Group#0008,D:\-MindEcho-main\ml_dl_models\gtsinger_multitech\dataset\raw\English\EN-Tenor-1\Mixed_Voice_and_Falsetto\Always Remember Us This Way\Falsetto_Group\0008.wav,English/EN-Tenor-1/Mixed_Voice_and_Falsetto/Always Remember Us This Way/Falsetto_Group/0008.wav,English,EN-Tenor-1,Always Remember Us This Way,Falsetto_Group,0,1,0,0,0,0,1,non_mix,010000,falsetto_group,0.978126,,hard_negative,9,96,mix_prob,0.978126,0.553126
English#EN-Tenor-1#Mixed_Voice_and_Falsetto#Look What You Make Me Do#Control_Group#0001,D:\-MindEcho-main\ml_dl_models\gtsinger_multitech\dataset\raw\English\EN-Tenor-1\Mixed_Voice_and_Falsetto\Look What You Make Me Do\Control_Group\0001.wav,English/EN-Tenor-1/Mixed_Voice_and_Falsetto/Look What You Make Me Do/Control_Group/0001.wav,English,EN-Tenor-1,Look What You Make Me Do,Control_Group,0,0,0,0,1,0,1,non_mix,000010,control_negative,0.977093,,hard_negative,10,96,mix_prob,0.977093,0.552093
English#EN-Tenor-1#Mixed_Voice_and_Falsetto#Love on the Brain#Falsetto_Group#0006,D:\-MindEcho-main\ml_dl_models\gtsinger_multitech\dataset\raw\English\EN-Tenor-1\Mixed_Voice_and_Falsetto\Love on the Brain\Falsetto_Group\0006.wav,English/EN-Tenor-1/Mixed_Voice_and_Falsetto/Love on the Brain/Falsetto_Group/0006.wav,English,EN-Tenor-1,Love on the Brain,Falsetto_Group,0,1,0,0,0,0,1,non_mix,010000,falsetto_group,0.972831,,hard_negative,11,96,mix_prob,0.972831,0.547831
English#EN-Tenor-1#Mixed_Voice_and_Falsetto#Cardigan#Falsetto_Group#0007,D:\-MindEcho-main\ml_dl_models\gtsinger_multitech\dataset\raw\English\EN-Tenor-1\Mixed_Voice_and_Falsetto\Cardigan\Falsetto_Group\0007.wav,English/EN-Tenor-1/Mixed_Voice_and_Falsetto/Cardigan/Falsetto_Group/0007.wav,English,EN-Tenor-1,Cardigan,Falsetto_Group,0,1,0,0,0,0,1,non_mix,010000,falsetto_group,0.966362,,hard_negative,12,96,mix_prob,0.966362,0.541362
English#EN-Tenor-1#Mixed_Voice_and_Falsetto#I Knew You Were Trouble#Falsetto_Group#0004,D:\-MindEcho-main\ml_dl_models\gtsinger_multitech\dataset\raw\English\EN-Tenor-1\Mixed_Voice_and_Falsetto\I Knew You Were Trouble\Falsetto_Group\0004.wav,English/EN-Tenor-1/Mixed_Voice_and_Falsetto/I Knew You Were Trouble/Falsetto_Group/0004.wav,English,EN-Tenor-1,I Knew You Were Trouble,Falsetto_Group,0,1,0,0,0,0,1,non_mix,010000,falsetto_group,0.963894,,hard_negative,13,96,mix_prob,0.963894,0.538894
English#EN-Tenor-1#Mixed_Voice_and_Falsetto#Call Out My Name#Falsetto_Group#0003,D:\-MindEcho-main\ml_dl_models\gtsinger_multitech\dataset\raw\English\EN-Tenor-1\Mixed_Voice_and_Falsetto\Call Out My Name\Falsetto_Group\0003.wav,English/EN-Tenor-1/Mixed_Voice_and_Falsetto/Call Out My Name/Falsetto_Group/0003.wav,English,EN-Tenor-1,Call Out My Name,Falsetto_Group,0,1,0,0,1,0,1,non_mix,010010,falsetto_group,0.9635,,hard_negative,14,96,mix_prob,0.9635,0.5385
English#EN-Tenor-1#Mixed_Voice_and_Falsetto#Love Story#Control_Group#0002,D:\-MindEcho-main\ml_dl_models\gtsinger_multitech\dataset\raw\English\EN-Tenor-1\Mixed_Voice_and_Falsetto\Love Story\Control_Group\0002.wav,English/EN-Tenor-1/Mixed_Voice_and_Falsetto/Love Story/Control_Group/0002.wav,English,EN-Tenor-1,Love Story,Control_Group,0,0,0,0,1,0,1,non_mix,000010,control_negative,0.96008,,hard_negative,15,96,mix_prob,0.96008,0.53508
English#EN-Tenor-1#Mixed_Voice_and_Falsetto#Exile#Control_Group#0004,D:\-MindEcho-main\ml_dl_models\gtsinger_multitech\dataset\raw\English\EN-Tenor-1\Mixed_Voice_and_Falsetto\Exile\Control_Group\0004.wav,English/EN-Tenor-1/Mixed_Voice_and_Falsetto/Exile/Control_Group/0004.wav,English,EN-Tenor-1,Exile,Control_Group,0,0,0,0,1,0,1,non_mix,000010,control_negative,0.959348,,hard_negative,16,96,mix_prob,0.959348,0.534348
English#EN-Tenor-1#Mixed_Voice_and_Falsetto#Love Story#Control_Group#0006,D:\-MindEcho-main\ml_dl_models\gtsinger_multitech\dataset\raw\English\EN-Tenor-1\Mixed_Voice_and_Falsetto\Love Story\Control_Group\0006.wav,English/EN-Tenor-1/Mixed_Voice_and_Falsetto/Love Story/Control_Group/0006.wav,English,EN-Tenor-1,Love Story,Control_Group,0,0,0,0,1,0,1,non_mix,000010,control_negative,0.957304,,hard_negative,17,96,mix_prob,0.957304,0.532304
English#EN-Tenor-1#Mixed_Voice_and_Falsetto#Exile#Control_Group#0003,D:\-MindEcho-main\ml_dl_models\gtsinger_multitech\dataset\raw\English\EN-Tenor-1\Mixed_Voice_and_Falsetto\Exile\Control_Group\0003.wav,English/EN-Tenor-1/Mixed_Voice_and_Falsetto/Exile/Control_Group/0003.wav,English,EN-Tenor-1,Exile,Control_Group,0,0,0,0,1,0,1,non_mix,000010,control_negative,0.952789,,hard_negative,18,96,mix_prob,0.952789,0.527789
English#EN-Tenor-1#Mixed_Voice_and_Falsetto#Young and Beautiful#Falsetto_Group#0002,D:\-MindEcho-main\ml_dl_models\gtsinger_multitech\dataset\raw\English\EN-Tenor-1\Mixed_Voice_and_Falsetto\Young and Beautiful\Falsetto_Group\0002.wav,English/EN-Tenor-1/Mixed_Voice_and_Falsetto/Young and Beautiful/Falsetto_Group/0002.wav,English,EN-Tenor-1,Young and Beautiful,Falsetto_Group,0,1,0,0,1,0,1,non_mix,010010,falsetto_group,0.938694,,hard_negative,19,96,mix_prob,0.938694,0.513694
English#EN-Tenor-1#Mixed_Voice_and_Falsetto#You Belong With Me#Falsetto_Group#0002,D:\-MindEcho-main\ml_dl_models\gtsinger_multitech\dataset\raw\English\EN-Tenor-1\Mixed_Voice_and_Falsetto\You Belong With Me\Falsetto_Group\0002.wav,English/EN-Tenor-1/Mixed_Voice_and_Falsetto/You Belong With Me/Falsetto_Group/0002.wav,English,EN-Tenor-1,You Belong With Me,Falsetto_Group,0,1,0,0,1,0,1,non_mix,010010,falsetto_group,0.936876,,hard_negative,20,96,mix_prob,0.936876,0.511876
English#EN-Tenor-1#Mixed_Voice_and_Falsetto#August#Falsetto_Group#0002,D:\-MindEcho-main\ml_dl_models\gtsinger_multitech\dataset\raw\English\EN-Tenor-1\Mixed_Voice_and_Falsetto\August\Falsetto_Group\0002.wav,English/EN-Tenor-1/Mixed_Voice_and_Falsetto/August/Falsetto_Group/0002.wav,English,EN-Tenor-1,August,Falsetto_Group,0,1,0,0,1,0,1,non_mix,010010,falsetto_group,0.933973,,hard_negative,21,96,mix_prob,0.933973,0.508973
English#EN-Tenor-1#Mixed_Voice_and_Falsetto#Cardigan#Falsetto_Group#0008,D:\-MindEcho-main\ml_dl_models\gtsinger_multitech\dataset\raw\English\EN-Tenor-1\Mixed_Voice_and_Falsetto\Cardigan\Falsetto_Group\0008.wav,English/EN-Tenor-1/Mixed_Voice_and_Falsetto/Cardigan/Falsetto_Group/0008.wav,English,EN-Tenor-1,Cardigan,Falsetto_Group,0,1,0,0,0,0,1,non_mix,010000,falsetto_group,0.933504,,hard_negative,22,96,mix_prob,0.933504,0.508504
English#EN-Tenor-1#Mixed_Voice_and_Falsetto#Blank Space#Control_Group#0002,D:\-MindEcho-main\ml_dl_models\gtsinger_multitech\dataset\raw\English\EN-Tenor-1\Mixed_Voice_and_Falsetto\Blank Space\Control_Group\0002.wav,English/EN-Tenor-1/Mixed_Voice_and_Falsetto/Blank Space/Control_Group/0002.wav,English,EN-Tenor-1,Blank Space,Control_Group,0,0,0,0,1,0,1,non_mix,000010,control_negative,0.931192,,hard_negative,23,96,mix_prob,0.931192,0.506192
English#EN-Tenor-1#Mixed_Voice_and_Falsetto#August#Falsetto_Group#0005,D:\-MindEcho-main\ml_dl_models\gtsinger_multitech\dataset\raw\English\EN-Tenor-1\Mixed_Voice_and_Falsetto\August\Falsetto_Group\0005.wav,English/EN-Tenor-1/Mixed_Voice_and_Falsetto/August/Falsetto_Group/0005.wav,English,EN-Tenor-1,August,Falsetto_Group,0,1,0,0,1,0,1,non_mix,010010,falsetto_group,0.931141,,hard_negative,24,96,mix_prob,0.931141,0.506141
English#EN-Tenor-1#Mixed_Voice_and_Falsetto#Love Story#Control_Group#0000,D:\-MindEcho-main\ml_dl_models\gtsinger_multitech\dataset\raw\English\EN-Tenor-1\Mixed_Voice_and_Falsetto\Love Story\Control_Group\0000.wav,English/EN-Tenor-1/Mixed_Voice_and_Falsetto/Love Story/Control_Group/0000.wav,English,EN-Tenor-1,Love Story,Control_Group,0,0,0,0,1,0,1,non_mix,000010,control_negative,0.929867,,hard_negative,25,96,mix_prob,0.929867,0.504867
English#EN-Tenor-1#Mixed_Voice_and_Falsetto#Cardigan#Falsetto_Group#0003,D:\-MindEcho-main\ml_dl_models\gtsinger_multitech\dataset\raw\English\EN-Tenor-1\Mixed_Voice_and_Falsetto\Cardigan\Falsetto_Group\0003.wav,English/EN-Tenor-1/Mixed_Voice_and_Falsetto/Cardigan/Falsetto_Group/0003.wav,English,EN-Tenor-1,Cardigan,Falsetto_Group,0,1,0,0,1,0,1,non_mix,010010,falsetto_group,0.928413,,hard_negative,26,96,mix_prob,0.928413,0.503413
English#EN-Tenor-1#Mixed_Voice_and_Falsetto#Blank Space#Control_Group#0001,D:\-MindEcho-main\ml_dl_models\gtsinger_multitech\dataset\raw\English\EN-Tenor-1\Mixed_Voice_and_Falsetto\Blank Space\Control_Group\0001.wav,English/EN-Tenor-1/Mixed_Voice_and_Falsetto/Blank Space/Control_Group/0001.wav,English,EN-Tenor-1,Blank Space,Control_Group,0,0,0,0,1,0,1,non_mix,000010,control_negative,0.928361,,hard_negative,27,96,mix_prob,0.928361,0.503361
English#EN-Tenor-1#Mixed_Voice_and_Falsetto#Blank Space#Control_Group#0000,D:\-MindEcho-main\ml_dl_models\gtsinger_multitech\dataset\raw\English\EN-Tenor-1\Mixed_Voice_and_Falsetto\Blank Space\Control_Group\0000.wav,English/EN-Tenor-1/Mixed_Voice_and_Falsetto/Blank Space/Control_Group/0000.wav,English,EN-Tenor-1,Blank Space,Control_Group,0,0,0,0,1,0,1,non_mix,000010,control_negative,0.928009,,hard_negative,28,96,mix_prob,0.928009,0.503009
English#EN-Tenor-1#Mixed_Voice_and_Falsetto#Young and Beautiful#Falsetto_Group#0001,D:\-MindEcho-main\ml_dl_models\gtsinger_multitech\dataset\raw\English\EN-Tenor-1\Mixed_Voice_and_Falsetto\Young and Beautiful\Falsetto_Group\0001.wav,English/EN-Tenor-1/Mixed_Voice_and_Falsetto/Young and Beautiful/Falsetto_Group/0001.wav,English,EN-Tenor-1,Young and Beautiful,Falsetto_Group,0,1,0,0,1,0,1,non_mix,010010,falsetto_group,0.927403,,hard_negative,29,96,mix_prob,0.927403,0.502403
English#EN-Tenor-1#Mixed_Voice_and_Falsetto#Exile#Control_Group#0002,D:\-MindEcho-main\ml_dl_models\gtsinger_multitech\dataset\raw\English\EN-Tenor-1\Mixed_Voice_and_Falsetto\Exile\Control_Group\0002.wav,English/EN-Tenor-1/Mixed_Voice_and_Falsetto/Exile/Control_Group/0002.wav,English,EN-Tenor-1,Exile,Control_Group,0,0,0,0,1,0,1,non_mix,000010,control_negative,0.924896,,hard_negative,30,96,mix_prob,0.924896,0.499896
English#EN-Tenor-1#Mixed_Voice_and_Falsetto#Love on the Brain#Falsetto_Group#0002,D:\-MindEcho-main\ml_dl_models\gtsinger_multitech\dataset\raw\English\EN-Tenor-1\Mixed_Voice_and_Falsetto\Love on the Brain\Falsetto_Group\0002.wav,English/EN-Tenor-1/Mixed_Voice_and_Falsetto/Love on the Brain/Falsetto_Group/0002.wav,English,EN-Tenor-1,Love on the Brain,Falsetto_Group,0,1,0,0,1,0,1,non_mix,010010,falsetto_group,0.924569,,hard_negative,31,96,mix_prob,0.924569,0.499569
English#EN-Tenor-1#Mixed_Voice_and_Falsetto#Someone You Loved#Falsetto_Group#0000,D:\-MindEcho-main\ml_dl_models\gtsinger_multitech\dataset\raw\English\EN-Tenor-1\Mixed_Voice_and_Falsetto\Someone You Loved\Falsetto_Group\0000.wav,English/EN-Tenor-1/Mixed_Voice_and_Falsetto/Someone You Loved/Falsetto_Group/0000.wav,English,EN-Tenor-1,Someone You Loved,Falsetto_Group,0,1,0,0,1,0,1,non_mix,010010,falsetto_group,0.923234,,hard_negative,32,96,mix_prob,0.923234,0.498234
English#EN-Tenor-1#Mixed_Voice_and_Falsetto#Shallow#Falsetto_Group#0005,D:\-MindEcho-main\ml_dl_models\gtsinger_multitech\dataset\raw\English\EN-Tenor-1\Mixed_Voice_and_Falsetto\Shallow\Falsetto_Group\0005.wav,English/EN-Tenor-1/Mixed_Voice_and_Falsetto/Shallow/Falsetto_Group/0005.wav,English,EN-Tenor-1,Shallow,Falsetto_Group,0,1,0,0,1,0,1,non_mix,010010,falsetto_group,0.920623,,hard_negative,33,96,mix_prob,0.920623,0.495623
English#EN-Tenor-1#Mixed_Voice_and_Falsetto#Young and Beautiful#Falsetto_Group#0006,D:\-MindEcho-main\ml_dl_models\gtsinger_multitech\dataset\raw\English\EN-Tenor-1\Mixed_Voice_and_Falsetto\Young and Beautiful\Falsetto_Group\0006.wav,English/EN-Tenor-1/Mixed_Voice_and_Falsetto/Young and Beautiful/Falsetto_Group/0006.wav,English,EN-Tenor-1,Young and Beautiful,Falsetto_Group,0,1,0,0,1,0,1,non_mix,010010,falsetto_group,0.913944,,hard_negative,34,96,mix_prob,0.913944,0.488944
English#EN-Tenor-1#Mixed_Voice_and_Falsetto#Look What You Make Me Do#Control_Group#0000,D:\-MindEcho-main\ml_dl_models\gtsinger_multitech\dataset\raw\English\EN-Tenor-1\Mixed_Voice_and_Falsetto\Look What You Make Me Do\Control_Group\0000.wav,English/EN-Tenor-1/Mixed_Voice_and_Falsetto/Look What You Make Me Do/Control_Group/0000.wav,English,EN-Tenor-1,Look What You Make Me Do,Control_Group,0,0,0,0,1,0,1,non_mix,000010,control_negative,0.912538,,hard_negative,35,96,mix_prob,0.912538,0.487538
English#EN-Tenor-1#Mixed_Voice_and_Falsetto#Lavender Haze#Falsetto_Group#0002,D:\-MindEcho-main\ml_dl_models\gtsinger_multitech\dataset\raw\English\EN-Tenor-1\Mixed_Voice_and_Falsetto\Lavender Haze\Falsetto_Group\0002.wav,English/EN-Tenor-1/Mixed_Voice_and_Falsetto/Lavender Haze/Falsetto_Group/0002.wav,English,EN-Tenor-1,Lavender Haze,Falsetto_Group,0,1,0,0,0,0,1,non_mix,010000,falsetto_group,0.908802,,hard_negative,36,96,mix_prob,0.908802,0.483802
English#EN-Tenor-1#Mixed_Voice_and_Falsetto#Diamonds#Falsetto_Group#0006,D:\-MindEcho-main\ml_dl_models\gtsinger_multitech\dataset\raw\English\EN-Tenor-1\Mixed_Voice_and_Falsetto\Diamonds\Falsetto_Group\0006.wav,English/EN-Tenor-1/Mixed_Voice_and_Falsetto/Diamonds/Falsetto_Group/0006.wav,English,EN-Tenor-1,Diamonds,Falsetto_Group,0,1,0,0,1,0,1,non_mix,010010,falsetto_group,0.906937,,hard_negative,37,96,mix_prob,0.906937,0.481937
English#EN-Tenor-1#Mixed_Voice_and_Falsetto#Wildest Dreams#Falsetto_Group#0002,D:\-MindEcho-main\ml_dl_models\gtsinger_multitech\dataset\raw\English\EN-Tenor-1\Mixed_Voice_and_Falsetto\Wildest Dreams\Falsetto_Group\0002.wav,English/EN-Tenor-1/Mixed_Voice_and_Falsetto/Wildest Dreams/Falsetto_Group/0002.wav,English,EN-Tenor-1,Wildest Dreams,Falsetto_Group,0,1,0,0,1,0,1,non_mix,010010,falsetto_group,0.905695,,hard_negative,38,96,mix_prob,0.905695,0.480695
English#EN-Tenor-1#Mixed_Voice_and_Falsetto#Unconditionally#Falsetto_Group#0006,D:\-MindEcho-main\ml_dl_models\gtsinger_multitech\dataset\raw\English\EN-Tenor-1\Mixed_Voice_and_Falsetto\Unconditionally\Falsetto_Group\0006.wav,English/EN-Tenor-1/Mixed_Voice_and_Falsetto/Unconditionally/Falsetto_Group/0006.wav,English,EN-Tenor-1,Unconditionally,Falsetto_Group,0,1,0,0,1,0,1,non_mix,010010,falsetto_group,0.902482,,hard_negative,39,96,mix_prob,0.902482,0.477482
English#EN-Tenor-1#Mixed_Voice_and_Falsetto#Love Story#Control_Group#0005,D:\-MindEcho-main\ml_dl_models\gtsinger_multitech\dataset\raw\English\EN-Tenor-1\Mixed_Voice_and_Falsetto\Love Story\Control_Group\0005.wav,English/EN-Tenor-1/Mixed_Voice_and_Falsetto/Love Story/Control_Group/0005.wav,English,EN-Tenor-1,Love Story,Control_Group,0,0,0,0,1,0,1,non_mix,000010,control_negative,0.896732,,hard_negative,40,96,mix_prob,0.896732,0.471732
English#EN-Tenor-1#Mixed_Voice_and_Falsetto#Shallow#Falsetto_Group#0009,D:\-MindEcho-main\ml_dl_models\gtsinger_multitech\dataset\raw\English\EN-Tenor-1\Mixed_Voice_and_Falsetto\Shallow\Falsetto_Group\0009.wav,English/EN-Tenor-1/Mixed_Voice_and_Falsetto/Shallow/Falsetto_Group/0009.wav,English,EN-Tenor-1,Shallow,Falsetto_Group,0,1,0,0,1,0,1,non_mix,010010,falsetto_group,0.894524,,hard_negative,41,96,mix_prob,0.894524,0.469524
English#EN-Tenor-1#Mixed_Voice_and_Falsetto#Umbrella#Falsetto_Group#0002,D:\-MindEcho-main\ml_dl_models\gtsinger_multitech\dataset\raw\English\EN-Tenor-1\Mixed_Voice_and_Falsetto\Umbrella\Falsetto_Group\0002.wav,English/EN-Tenor-1/Mixed_Voice_and_Falsetto/Umbrella/Falsetto_Group/0002.wav,English,EN-Tenor-1,Umbrella,Falsetto_Group,0,1,0,0,1,0,1,non_mix,010010,falsetto_group,0.893029,,hard_negative,42,96,mix_prob,0.893029,0.468029
English#EN-Tenor-1#Mixed_Voice_and_Falsetto#You Belong With Me#Falsetto_Group#0001,D:\-MindEcho-main\ml_dl_models\gtsinger_multitech\dataset\raw\English\EN-Tenor-1\Mixed_Voice_and_Falsetto\You Belong With Me\Falsetto_Group\0001.wav,English/EN-Tenor-1/Mixed_Voice_and_Falsetto/You Belong With Me/Falsetto_Group/0001.wav,English,EN-Tenor-1,You Belong With Me,Falsetto_Group,0,1,0,0,1,0,1,non_mix,010010,falsetto_group,0.890251,,hard_negative,43,96,mix_prob,0.890251,0.465251
English#EN-Tenor-1#Mixed_Voice_and_Falsetto#Shallow#Falsetto_Group#0004,D:\-MindEcho-main\ml_dl_models\gtsinger_multitech\dataset\raw\English\EN-Tenor-1\Mixed_Voice_and_Falsetto\Shallow\Falsetto_Group\0004.wav,English/EN-Tenor-1/Mixed_Voice_and_Falsetto/Shallow/Falsetto_Group/0004.wav,English,EN-Tenor-1,Shallow,Falsetto_Group,0,1,0,0,1,0,1,non_mix,010010,falsetto_group,0.885735,,hard_negative,44,96,mix_prob,0.885735,0.460735
English#EN-Tenor-1#Mixed_Voice_and_Falsetto#Young and Beautiful#Falsetto_Group#0000,D:\-MindEcho-main\ml_dl_models\gtsinger_multitech\dataset\raw\English\EN-Tenor-1\Mixed_Voice_and_Falsetto\Young and Beautiful\Falsetto_Group\0000.wav,English/EN-Tenor-1/Mixed_Voice_and_Falsetto/Young and Beautiful/Falsetto_Group/0000.wav,English,EN-Tenor-1,Young and Beautiful,Falsetto_Group,0,1,0,0,0,0,1,non_mix,010000,falsetto_group,0.884584,,hard_negative,45,96,mix_prob,0.884584,0.459584
English#EN-Tenor-1#Mixed_Voice_and_Falsetto#I Knew You Were Trouble#Control_Group#0004,D:\-MindEcho-main\ml_dl_models\gtsinger_multitech\dataset\raw\English\EN-Tenor-1\Mixed_Voice_and_Falsetto\I Knew You Were Trouble\Control_Group\0004.wav,English/EN-Tenor-1/Mixed_Voice_and_Falsetto/I Knew You Were Trouble/Control_Group/0004.wav,English,EN-Tenor-1,I Knew You Were Trouble,Control_Group,0,0,0,0,1,0,1,non_mix,000010,control_negative,0.883,,hard_negative,46,96,mix_prob,0.883,0.458
English#EN-Tenor-1#Mixed_Voice_and_Falsetto#Take a Bow#Control_Group#0006,D:\-MindEcho-main\ml_dl_models\gtsinger_multitech\dataset\raw\English\EN-Tenor-1\Mixed_Voice_and_Falsetto\Take a Bow\Control_Group\0006.wav,English/EN-Tenor-1/Mixed_Voice_and_Falsetto/Take a Bow/Control_Group/0006.wav,English,EN-Tenor-1,Take a Bow,Control_Group,0,0,0,0,1,0,1,non_mix,000010,control_negative,0.881819,,hard_negative,47,96,mix_prob,0.881819,0.456819
English#EN-Tenor-1#Mixed_Voice_and_Falsetto#Unconditionally#Control_Group#0004,D:\-MindEcho-main\ml_dl_models\gtsinger_multitech\dataset\raw\English\EN-Tenor-1\Mixed_Voice_and_Falsetto\Unconditionally\Control_Group\0004.wav,English/EN-Tenor-1/Mixed_Voice_and_Falsetto/Unconditionally/Control_Group/0004.wav,English,EN-Tenor-1,Unconditionally,Control_Group,0,0,0,0,1,0,1,non_mix,000010,control_negative,0.877801,,hard_negative,48,96,mix_prob,0.877801,0.452801
English#EN-Tenor-1#Mixed_Voice_and_Falsetto#Wildest Dreams#Falsetto_Group#0007,D:\-MindEcho-main\ml_dl_models\gtsinger_multitech\dataset\raw\English\EN-Tenor-1\Mixed_Voice_and_Falsetto\Wildest Dreams\Falsetto_Group\0007.wav,English/EN-Tenor-1/Mixed_Voice_and_Falsetto/Wildest Dreams/Falsetto_Group/0007.wav,English,EN-Tenor-1,Wildest Dreams,Falsetto_Group,0,1,0,0,1,0,1,non_mix,010010,falsetto_group,0.877759,,hard_negative,49,96,mix_prob,0.877759,0.452759
English#EN-Tenor-1#Mixed_Voice_and_Falsetto#Unconditionally#Control_Group#0003,D:\-MindEcho-main\ml_dl_models\gtsinger_multitech\dataset\raw\English\EN-Tenor-1\Mixed_Voice_and_Falsetto\Unconditionally\Control_Group\0003.wav,English/EN-Tenor-1/Mixed_Voice_and_Falsetto/Unconditionally/Control_Group/0003.wav,English,EN-Tenor-1,Unconditionally,Control_Group,0,0,0,0,1,0,1,non_mix,000010,control_negative,0.876879,,hard_negative,50,96,mix_prob,0.876879,0.451879
English#EN-Tenor-1#Mixed_Voice_and_Falsetto#Enchanted#Control_Group#0005,D:\-MindEcho-main\ml_dl_models\gtsinger_multitech\dataset\raw\English\EN-Tenor-1\Mixed_Voice_and_Falsetto\Enchanted\Control_Group\0005.wav,English/EN-Tenor-1/Mixed_Voice_and_Falsetto/Enchanted/Control_Group/0005.wav,English,EN-Tenor-1,Enchanted,Control_Group,0,0,0,0,1,0,1,non_mix,000010,control_negative,0.876459,,hard_negative,51,96,mix_prob,0.876459,0.451459
English#EN-Tenor-1#Mixed_Voice_and_Falsetto#Take a Bow#Falsetto_Group#0008,D:\-MindEcho-main\ml_dl_models\gtsinger_multitech\dataset\raw\English\EN-Tenor-1\Mixed_Voice_and_Falsetto\Take a Bow\Falsetto_Group\0008.wav,English/EN-Tenor-1/Mixed_Voice_and_Falsetto/Take a Bow/Falsetto_Group/0008.wav,English,EN-Tenor-1,Take a Bow,Falsetto_Group,0,1,0,0,1,0,1,non_mix,010010,falsetto_group,0.875761,,hard_negative,52,96,mix_prob,0.875761,0.450761
English#EN-Tenor-1#Mixed_Voice_and_Falsetto#Shallow#Falsetto_Group#0000,D:\-MindEcho-main\ml_dl_models\gtsinger_multitech\dataset\raw\English\EN-Tenor-1\Mixed_Voice_and_Falsetto\Shallow\Falsetto_Group\0000.wav,English/EN-Tenor-1/Mixed_Voice_and_Falsetto/Shallow/Falsetto_Group/0000.wav,English,EN-Tenor-1,Shallow,Falsetto_Group,0,1,0,0,1,0,1,non_mix,010010,falsetto_group,0.872528,,hard_negative,53,96,mix_prob,0.872528,0.447528
English#EN-Tenor-1#Mixed_Voice_and_Falsetto#Dark Paradise#Falsetto_Group#0000,D:\-MindEcho-main\ml_dl_models\gtsinger_multitech\dataset\raw\English\EN-Tenor-1\Mixed_Voice_and_Falsetto\Dark Paradise\Falsetto_Group\0000.wav,English/EN-Tenor-1/Mixed_Voice_and_Falsetto/Dark Paradise/Falsetto_Group/0000.wav,English,EN-Tenor-1,Dark Paradise,Falsetto_Group,0,1,1,0,0,0,1,non_mix,011000,falsetto_group,0.855055,,hard_negative,54,96,mix_prob,0.855055,0.430055
English#EN-Tenor-1#Mixed_Voice_and_Falsetto#Style#Control_Group#0002,D:\-MindEcho-main\ml_dl_models\gtsinger_multitech\dataset\raw\English\EN-Tenor-1\Mixed_Voice_and_Falsetto\Style\Control_Group\0002.wav,English/EN-Tenor-1/Mixed_Voice_and_Falsetto/Style/Control_Group/0002.wav,English,EN-Tenor-1,Style,Control_Group,0,0,0,0,0,0,0,non_mix,000000,control_negative,0.854386,,hard_negative,55,96,mix_prob,0.854386,0.429386
English#EN-Tenor-1#Mixed_Voice_and_Falsetto#Firework#Falsetto_Group#0001,D:\-MindEcho-main\ml_dl_models\gtsinger_multitech\dataset\raw\English\EN-Tenor-1\Mixed_Voice_and_Falsetto\Firework\Falsetto_Group\0001.wav,English/EN-Tenor-1/Mixed_Voice_and_Falsetto/Firework/Falsetto_Group/0001.wav,English,EN-Tenor-1,Firework,Falsetto_Group,0,1,0,0,1,0,1,non_mix,010010,falsetto_group,0.850151,,hard_negative,56,96,mix_prob,0.850151,0.425151
English#EN-Tenor-1#Mixed_Voice_and_Falsetto#Call Out My Name#Falsetto_Group#0002,D:\-MindEcho-main\ml_dl_models\gtsinger_multitech\dataset\raw\English\EN-Tenor-1\Mixed_Voice_and_Falsetto\Call Out My Name\Falsetto_Group\0002.wav,English/EN-Tenor-1/Mixed_Voice_and_Falsetto/Call Out My Name/Falsetto_Group/0002.wav,English,EN-Tenor-1,Call Out My Name,Falsetto_Group,0,1,0,0,1,0,1,non_mix,010010,falsetto_group,0.848192,,hard_negative,57,96,mix_prob,0.848192,0.423192
English#EN-Tenor-1#Mixed_Voice_and_Falsetto#Firework#Falsetto_Group#0010,D:\-MindEcho-main\ml_dl_models\gtsinger_multitech\dataset\raw\English\EN-Tenor-1\Mixed_Voice_and_Falsetto\Firework\Falsetto_Group\0010.wav,English/EN-Tenor-1/Mixed_Voice_and_Falsetto/Firework/Falsetto_Group/0010.wav,English,EN-Tenor-1,Firework,Falsetto_Group,0,1,0,0,0,0,1,non_mix,010000,falsetto_group,0.846228,,hard_negative,58,96,mix_prob,0.846228,0.421228
English#EN-Tenor-1#Mixed_Voice_and_Falsetto#Wildest Dreams#Falsetto_Group#0004,D:\-MindEcho-main\ml_dl_models\gtsinger_multitech\dataset\raw\English\EN-Tenor-1\Mixed_Voice_and_Falsetto\Wildest Dreams\Falsetto_Group\0004.wav,English/EN-Tenor-1/Mixed_Voice_and_Falsetto/Wildest Dreams/Falsetto_Group/0004.wav,English,EN-Tenor-1,Wildest Dreams,Falsetto_Group,0,1,0,0,1,0,1,non_mix,010010,falsetto_group,0.845621,,hard_negative,59,96,mix_prob,0.845621,0.420621
English#EN-Tenor-1#Mixed_Voice_and_Falsetto#Take a Bow#Falsetto_Group#0005,D:\-MindEcho-main\ml_dl_models\gtsinger_multitech\dataset\raw\English\EN-Tenor-1\Mixed_Voice_and_Falsetto\Take a Bow\Falsetto_Group\0005.wav,English/EN-Tenor-1/Mixed_Voice_and_Falsetto/Take a Bow/Falsetto_Group/0005.wav,English,EN-Tenor-1,Take a Bow,Falsetto_Group,0,1,0,0,1,0,1,non_mix,010010,falsetto_group,0.840174,,hard_negative,60,96,mix_prob,0.840174,0.415174
English#EN-Tenor-1#Mixed_Voice_and_Falsetto#Umbrella#Falsetto_Group#0005,D:\-MindEcho-main\ml_dl_models\gtsinger_multitech\dataset\raw\English\EN-Tenor-1\Mixed_Voice_and_Falsetto\Umbrella\Falsetto_Group\0005.wav,English/EN-Tenor-1/Mixed_Voice_and_Falsetto/Umbrella/Falsetto_Group/0005.wav,English,EN-Tenor-1,Umbrella,Falsetto_Group,0,1,0,0,1,0,1,non_mix,010010,falsetto_group,0.838651,,hard_negative,61,96,mix_prob,0.838651,0.413651
English#EN-Tenor-1#Mixed_Voice_and_Falsetto#Wildest Dreams#Falsetto_Group#0006,D:\-MindEcho-main\ml_dl_models\gtsinger_multitech\dataset\raw\English\EN-Tenor-1\Mixed_Voice_and_Falsetto\Wildest Dreams\Falsetto_Group\0006.wav,English/EN-Tenor-1/Mixed_Voice_and_Falsetto/Wildest Dreams/Falsetto_Group/0006.wav,English,EN-Tenor-1,Wildest Dreams,Falsetto_Group,0,1,0,0,1,0,1,non_mix,010010,falsetto_group,0.829557,,hard_negative,62,96,mix_prob,0.829557,0.404557
English#EN-Tenor-1#Mixed_Voice_and_Falsetto#Diamonds#Falsetto_Group#0002,D:\-MindEcho-main\ml_dl_models\gtsinger_multitech\dataset\raw\English\EN-Tenor-1\Mixed_Voice_and_Falsetto\Diamonds\Falsetto_Group\0002.wav,English/EN-Tenor-1/Mixed_Voice_and_Falsetto/Diamonds/Falsetto_Group/0002.wav,English,EN-Tenor-1,Diamonds,Falsetto_Group,0,1,0,0,1,0,1,non_mix,010010,falsetto_group,0.819109,,hard_negative,63,96,mix_prob,0.819109,0.394109
English#EN-Tenor-1#Mixed_Voice_and_Falsetto#August#Falsetto_Group#0006,D:\-MindEcho-main\ml_dl_models\gtsinger_multitech\dataset\raw\English\EN-Tenor-1\Mixed_Voice_and_Falsetto\August\Falsetto_Group\0006.wav,English/EN-Tenor-1/Mixed_Voice_and_Falsetto/August/Falsetto_Group/0006.wav,English,EN-Tenor-1,August,Falsetto_Group,0,1,0,0,1,0,1,non_mix,010010,falsetto_group,0.816966,,hard_negative,64,96,mix_prob,0.816966,0.391966
English#EN-Tenor-1#Glissando#Someone Like You#Control_Group#0002,D:\-MindEcho-main\ml_dl_models\gtsinger_multitech\dataset\raw\English\EN-Tenor-1\Glissando\Someone Like You\Control_Group\0002.wav,English/EN-Tenor-1/Glissando/Someone Like You/Control_Group/0002.wav,English,EN-Tenor-1,Someone Like You,Control_Group,0,0,0,0,0,0,0,non_mix,000000,control_negative,0.81306,,hard_negative,65,96,mix_prob,0.81306,0.38806
English#EN-Tenor-1#Mixed_Voice_and_Falsetto#Umbrella#Falsetto_Group#0000,D:\-MindEcho-main\ml_dl_models\gtsinger_multitech\dataset\raw\English\EN-Tenor-1\Mixed_Voice_and_Falsetto\Umbrella\Falsetto_Group\0000.wav,English/EN-Tenor-1/Mixed_Voice_and_Falsetto/Umbrella/Falsetto_Group/0000.wav,English,EN-Tenor-1,Umbrella,Falsetto_Group,0,1,0,0,1,0,1,non_mix,010010,falsetto_group,0.811495,,hard_negative,66,96,mix_prob,0.811495,0.386495
English#EN-Tenor-1#Mixed_Voice_and_Falsetto#Summertime Sadness#Falsetto_Group#0000,D:\-MindEcho-main\ml_dl_models\gtsinger_multitech\dataset\raw\English\EN-Tenor-1\Mixed_Voice_and_Falsetto\Summertime Sadness\Falsetto_Group\0000.wav,English/EN-Tenor-1/Mixed_Voice_and_Falsetto/Summertime Sadness/Falsetto_Group/0000.wav,English,EN-Tenor-1,Summertime Sadness,Falsetto_Group,0,1,0,0,1,0,1,non_mix,010010,falsetto_group,0.808343,,hard_negative,67,96,mix_prob,0.808343,0.383343
English#EN-Tenor-1#Mixed_Voice_and_Falsetto#What Was I Made For？#Control_Group#0003,D:\-MindEcho-main\ml_dl_models\gtsinger_multitech\dataset\raw\English\EN-Tenor-1\Mixed_Voice_and_Falsetto\What Was I Made For？\Control_Group\0003.wav,English/EN-Tenor-1/Mixed_Voice_and_Falsetto/What Was I Made For？/Control_Group/0003.wav,English,EN-Tenor-1,What Was I Made For？,Control_Group,0,0,0,0,1,0,1,non_mix,000010,control_negative,0.806372,,hard_negative,68,96,mix_prob,0.806372,0.381372
English#EN-Tenor-1#Mixed_Voice_and_Falsetto#You Belong With Me#Control_Group#0004,D:\-MindEcho-main\ml_dl_models\gtsinger_multitech\dataset\raw\English\EN-Tenor-1\Mixed_Voice_and_Falsetto\You Belong With Me\Control_Group\0004.wav,English/EN-Tenor-1/Mixed_Voice_and_Falsetto/You Belong With Me/Control_Group/0004.wav,English,EN-Tenor-1,You Belong With Me,Control_Group,0,0,0,0,1,0,1,non_mix,000010,control_negative,0.801171,,hard_negative,69,96,mix_prob,0.801171,0.376171
English#EN-Tenor-1#Mixed_Voice_and_Falsetto#Style#Control_Group#0005,D:\-MindEcho-main\ml_dl_models\gtsinger_multitech\dataset\raw\English\EN-Tenor-1\Mixed_Voice_and_Falsetto\Style\Control_Group\0005.wav,English/EN-Tenor-1/Mixed_Voice_and_Falsetto/Style/Control_Group/0005.wav,English,EN-Tenor-1,Style,Control_Group,0,0,0,0,1,0,1,non_mix,000010,control_negative,0.792281,,hard_negative,70,96,mix_prob,0.792281,0.367281
English#EN-Tenor-1#Mixed_Voice_and_Falsetto#Umbrella#Falsetto_Group#0004,D:\-MindEcho-main\ml_dl_models\gtsinger_multitech\dataset\raw\English\EN-Tenor-1\Mixed_Voice_and_Falsetto\Umbrella\Falsetto_Group\0004.wav,English/EN-Tenor-1/Mixed_Voice_and_Falsetto/Umbrella/Falsetto_Group/0004.wav,English,EN-Tenor-1,Umbrella,Falsetto_Group,0,1,0,0,1,0,1,non_mix,010010,falsetto_group,0.787916,,hard_negative,71,96,mix_prob,0.787916,0.362916
English#EN-Tenor-1#Mixed_Voice_and_Falsetto#Blank Space#Control_Group#0003,D:\-MindEcho-main\ml_dl_models\gtsinger_multitech\dataset\raw\English\EN-Tenor-1\Mixed_Voice_and_Falsetto\Blank Space\Control_Group\0003.wav,English/EN-Tenor-1/Mixed_Voice_and_Falsetto/Blank Space/Control_Group/0003.wav,English,EN-Tenor-1,Blank Space,Control_Group,0,0,0,0,1,0,1,non_mix,000010,control_negative,0.785579,,hard_negative,72,96,mix_prob,0.785579,0.360579
English#EN-Tenor-1#Mixed_Voice_and_Falsetto#August#Falsetto_Group#0004,D:\-MindEcho-main\ml_dl_models\gtsinger_multitech\dataset\raw\English\EN-Tenor-1\Mixed_Voice_and_Falsetto\August\Falsetto_Group\0004.wav,English/EN-Tenor-1/Mixed_Voice_and_Falsetto/August/Falsetto_Group/0004.wav,English,EN-Tenor-1,August,Falsetto_Group,0,1,0,0,1,0,1,non_mix,010010,falsetto_group,0.7792,,hard_negative,73,96,mix_prob,0.7792,0.3542
English#EN-Tenor-1#Glissando#Someone Like You#Control_Group#0001,D:\-MindEcho-main\ml_dl_models\gtsinger_multitech\dataset\raw\English\EN-Tenor-1\Glissando\Someone Like You\Control_Group\0001.wav,English/EN-Tenor-1/Glissando/Someone Like You/Control_Group/0001.wav,English,EN-Tenor-1,Someone Like You,Control_Group,0,0,0,0,1,0,1,non_mix,000010,control_negative,0.777375,,hard_negative,74,96,mix_prob,0.777375,0.352375
English#EN-Tenor-1#Mixed_Voice_and_Falsetto#Sparks Fly#Control_Group#0000,D:\-MindEcho-main\ml_dl_models\gtsinger_multitech\dataset\raw\English\EN-Tenor-1\Mixed_Voice_and_Falsetto\Sparks Fly\Control_Group\0000.wav,English/EN-Tenor-1/Mixed_Voice_and_Falsetto/Sparks Fly/Control_Group/0000.wav,English,EN-Tenor-1,Sparks Fly,Control_Group,0,0,0,0,1,0,1,non_mix,000010,control_negative,0.771223,,hard_negative,75,96,mix_prob,0.771223,0.346223
English#EN-Tenor-1#Mixed_Voice_and_Falsetto#Someone You Loved#Falsetto_Group#0008,D:\-MindEcho-main\ml_dl_models\gtsinger_multitech\dataset\raw\English\EN-Tenor-1\Mixed_Voice_and_Falsetto\Someone You Loved\Falsetto_Group\0008.wav,English/EN-Tenor-1/Mixed_Voice_and_Falsetto/Someone You Loved/Falsetto_Group/0008.wav,English,EN-Tenor-1,Someone You Loved,Falsetto_Group,0,1,0,0,1,0,1,non_mix,010010,falsetto_group,0.769352,,hard_negative,76,96,mix_prob,0.769352,0.344352
English#EN-Tenor-1#Mixed_Voice_and_Falsetto#Firework#Falsetto_Group#0005,D:\-MindEcho-main\ml_dl_models\gtsinger_multitech\dataset\raw\English\EN-Tenor-1\Mixed_Voice_and_Falsetto\Firework\Falsetto_Group\0005.wav,English/EN-Tenor-1/Mixed_Voice_and_Falsetto/Firework/Falsetto_Group/0005.wav,English,EN-Tenor-1,Firework,Falsetto_Group,0,1,0,0,1,0,1,non_mix,010010,falsetto_group,0.753408,,hard_negative,77,96,mix_prob,0.753408,0.328408
English#EN-Tenor-1#Mixed_Voice_and_Falsetto#Summertime Sadness#Falsetto_Group#0003,D:\-MindEcho-main\ml_dl_models\gtsinger_multitech\dataset\raw\English\EN-Tenor-1\Mixed_Voice_and_Falsetto\Summertime Sadness\Falsetto_Group\0003.wav,English/EN-Tenor-1/Mixed_Voice_and_Falsetto/Summertime Sadness/Falsetto_Group/0003.wav,English,EN-Tenor-1,Summertime Sadness,Falsetto_Group,0,1,0,0,1,0,1,non_mix,010010,falsetto_group,0.750921,,hard_negative,78,96,mix_prob,0.750921,0.325921
English#EN-Tenor-1#Mixed_Voice_and_Falsetto#Back to December#Control_Group#0001,D:\-MindEcho-main\ml_dl_models\gtsinger_multitech\dataset\raw\English\EN-Tenor-1\Mixed_Voice_and_Falsetto\Back to December\Control_Group\0001.wav,English/EN-Tenor-1/Mixed_Voice_and_Falsetto/Back to December/Control_Group/0001.wav,English,EN-Tenor-1,Back to December,Control_Group,0,0,0,1,1,0,1,non_mix,000110,control_negative,0.74231,,hard_negative,79,96,mix_prob,0.74231,0.31731
English#EN-Tenor-1#Mixed_Voice_and_Falsetto#Style#Control_Group#0003,D:\-MindEcho-main\ml_dl_models\gtsinger_multitech\dataset\raw\English\EN-Tenor-1\Mixed_Voice_and_Falsetto\Style\Control_Group\0003.wav,English/EN-Tenor-1/Mixed_Voice_and_Falsetto/Style/Control_Group/0003.wav,English,EN-Tenor-1,Style,Control_Group,0,0,0,0,1,0,1,non_mix,000010,control_negative,0.733353,,hard_negative,80,96,mix_prob,0.733353,0.308353
English#EN-Tenor-1#Mixed_Voice_and_Falsetto#Cardigan#Falsetto_Group#0004,D:\-MindEcho-main\ml_dl_models\gtsinger_multitech\dataset\raw\English\EN-Tenor-1\Mixed_Voice_and_Falsetto\Cardigan\Falsetto_Group\0004.wav,English/EN-Tenor-1/Mixed_Voice_and_Falsetto/Cardigan/Falsetto_Group/0004.wav,English,EN-Tenor-1,Cardigan,Falsetto_Group,0,1,0,0,1,0,1,non_mix,010010,falsetto_group,0.727403,,hard_negative,81,96,mix_prob,0.727403,0.302403
English#EN-Tenor-1#Mixed_Voice_and_Falsetto#You Belong With Me#Falsetto_Group#0008,D:\-MindEcho-main\ml_dl_models\gtsinger_multitech\dataset\raw\English\EN-Tenor-1\Mixed_Voice_and_Falsetto\You Belong With Me\Falsetto_Group\0008.wav,English/EN-Tenor-1/Mixed_Voice_and_Falsetto/You Belong With Me/Falsetto_Group/0008.wav,English,EN-Tenor-1,You Belong With Me,Falsetto_Group,0,1,0,0,1,0,1,non_mix,010010,falsetto_group,0.724114,,hard_negative,82,96,mix_prob,0.724114,0.299114
English#EN-Tenor-1#Mixed_Voice_and_Falsetto#Exile#Control_Group#0000,D:\-MindEcho-main\ml_dl_models\gtsinger_multitech\dataset\raw\English\EN-Tenor-1\Mixed_Voice_and_Falsetto\Exile\Control_Group\0000.wav,English/EN-Tenor-1/Mixed_Voice_and_Falsetto/Exile/Control_Group/0000.wav,English,EN-Tenor-1,Exile,Control_Group,0,0,0,0,1,0,1,non_mix,000010,control_negative,0.718191,,hard_negative,83,96,mix_prob,0.718191,0.293191
English#EN-Tenor-1#Mixed_Voice_and_Falsetto#Someone You Loved#Control_Group#0005,D:\-MindEcho-main\ml_dl_models\gtsinger_multitech\dataset\raw\English\EN-Tenor-1\Mixed_Voice_and_Falsetto\Someone You Loved\Control_Group\0005.wav,English/EN-Tenor-1/Mixed_Voice_and_Falsetto/Someone You Loved/Control_Group/0005.wav,English,EN-Tenor-1,Someone You Loved,Control_Group,0,0,0,0,1,0,1,non_mix,000010,control_negative,0.71142,,hard_negative,84,96,mix_prob,0.71142,0.28642
English#EN-Tenor-1#Mixed_Voice_and_Falsetto#Lavender Haze#Control_Group#0001,D:\-MindEcho-main\ml_dl_models\gtsinger_multitech\dataset\raw\English\EN-Tenor-1\Mixed_Voice_and_Falsetto\Lavender Haze\Control_Group\0001.wav,English/EN-Tenor-1/Mixed_Voice_and_Falsetto/Lavender Haze/Control_Group/0001.wav,English,EN-Tenor-1,Lavender Haze,Control_Group,0,0,0,0,1,0,1,non_mix,000010,control_negative,0.707802,,hard_negative,85,96,mix_prob,0.707802,0.282802
English#EN-Tenor-1#Mixed_Voice_and_Falsetto#I Knew You Were Trouble#Control_Group#0006,D:\-MindEcho-main\ml_dl_models\gtsinger_multitech\dataset\raw\English\EN-Tenor-1\Mixed_Voice_and_Falsetto\I Knew You Were Trouble\Control_Group\0006.wav,English/EN-Tenor-1/Mixed_Voice_and_Falsetto/I Knew You Were Trouble/Control_Group/0006.wav,English,EN-Tenor-1,I Knew You Were Trouble,Control_Group,0,0,0,0,1,0,1,non_mix,000010,control_negative,0.705904,,hard_negative,86,96,mix_prob,0.705904,0.280904
English#EN-Tenor-1#Mixed_Voice_and_Falsetto#Diamonds#Falsetto_Group#0008,D:\-MindEcho-main\ml_dl_models\gtsinger_multitech\dataset\raw\English\EN-Tenor-1\Mixed_Voice_and_Falsetto\Diamonds\Falsetto_Group\0008.wav,English/EN-Tenor-1/Mixed_Voice_and_Falsetto/Diamonds/Falsetto_Group/0008.wav,English,EN-Tenor-1,Diamonds,Falsetto_Group,0,1,0,0,1,0,1,non_mix,010010,falsetto_group,0.70535,,hard_negative,87,96,mix_prob,0.70535,0.28035
English#EN-Tenor-1#Breathy#All I Ask#Control_Group#0001,D:\-MindEcho-main\ml_dl_models\gtsinger_multitech\dataset\raw\English\EN-Tenor-1\Breathy\All I Ask\Control_Group\0001.wav,English/EN-Tenor-1/Breathy/All I Ask/Control_Group/0001.wav,English,EN-Tenor-1,All I Ask,Control_Group,0,0,0,0,1,0,1,non_mix,000010,control_negative,0.694895,,hard_negative,88,96,mix_prob,0.694895,0.269895
English#EN-Tenor-1#Mixed_Voice_and_Falsetto#Firework#Control_Group#0006,D:\-MindEcho-main\ml_dl_models\gtsinger_multitech\dataset\raw\English\EN-Tenor-1\Mixed_Voice_and_Falsetto\Firework\Control_Group\0006.wav,English/EN-Tenor-1/Mixed_Voice_and_Falsetto/Firework/Control_Group/0006.wav,English,EN-Tenor-1,Firework,Control_Group,0,0,0,0,1,0,1,non_mix,000010,control_negative,0.69483,,hard_negative,89,96,mix_prob,0.69483,0.26983
English#EN-Tenor-1#Mixed_Voice_and_Falsetto#Rolling in the Deep#Control_Group#0004,D:\-MindEcho-main\ml_dl_models\gtsinger_multitech\dataset\raw\English\EN-Tenor-1\Mixed_Voice_and_Falsetto\Rolling in the Deep\Control_Group\0004.wav,English/EN-Tenor-1/Mixed_Voice_and_Falsetto/Rolling in the Deep/Control_Group/0004.wav,English,EN-Tenor-1,Rolling in the Deep,Control_Group,0,0,0,0,1,0,1,non_mix,000010,control_negative,0.687904,,hard_negative,90,96,mix_prob,0.687904,0.262904
English#EN-Tenor-1#Mixed_Voice_and_Falsetto#Call Out My Name#Falsetto_Group#0004,D:\-MindEcho-main\ml_dl_models\gtsinger_multitech\dataset\raw\English\EN-Tenor-1\Mixed_Voice_and_Falsetto\Call Out My Name\Falsetto_Group\0004.wav,English/EN-Tenor-1/Mixed_Voice_and_Falsetto/Call Out My Name/Falsetto_Group/0004.wav,English,EN-Tenor-1,Call Out My Name,Falsetto_Group,0,1,0,0,1,0,1,non_mix,010010,falsetto_group,0.675613,,hard_negative,91,96,mix_prob,0.675613,0.250613
English#EN-Tenor-1#Mixed_Voice_and_Falsetto#Back to December#Control_Group#0000,D:\-MindEcho-main\ml_dl_models\gtsinger_multitech\dataset\raw\English\EN-Tenor-1\Mixed_Voice_and_Falsetto\Back to December\Control_Group\0000.wav,English/EN-Tenor-1/Mixed_Voice_and_Falsetto/Back to December/Control_Group/0000.wav,English,EN-Tenor-1,Back to December,Control_Group,0,0,0,0,1,0,1,non_mix,000010,control_negative,0.674683,,hard_negative,92,96,mix_prob,0.674683,0.249683
English#EN-Tenor-1#Mixed_Voice_and_Falsetto#Enchanted#Control_Group#0004,D:\-MindEcho-main\ml_dl_models\gtsinger_multitech\dataset\raw\English\EN-Tenor-1\Mixed_Voice_and_Falsetto\Enchanted\Control_Group\0004.wav,English/EN-Tenor-1/Mixed_Voice_and_Falsetto/Enchanted/Control_Group/0004.wav,English,EN-Tenor-1,Enchanted,Control_Group,0,0,0,0,1,0,1,non_mix,000010,control_negative,0.670546,,hard_negative,93,96,mix_prob,0.670546,0.245546
English#EN-Tenor-1#Mixed_Voice_and_Falsetto#Call Out My Name#Falsetto_Group#0000,D:\-MindEcho-main\ml_dl_models\gtsinger_multitech\dataset\raw\English\EN-Tenor-1\Mixed_Voice_and_Falsetto\Call Out My Name\Falsetto_Group\0000.wav,English/EN-Tenor-1/Mixed_Voice_and_Falsetto/Call Out My Name/Falsetto_Group/0000.wav,English,EN-Tenor-1,Call Out My Name,Falsetto_Group,0,1,0,0,1,0,1,non_mix,010010,falsetto_group,0.66517,,hard_negative,94,96,mix_prob,0.66517,0.24017
English#EN-Tenor-1#Mixed_Voice_and_Falsetto#Someone You Loved#Falsetto_Group#0007,D:\-MindEcho-main\ml_dl_models\gtsinger_multitech\dataset\raw\English\EN-Tenor-1\Mixed_Voice_and_Falsetto\Someone You Loved\Falsetto_Group\0007.wav,English/EN-Tenor-1/Mixed_Voice_and_Falsetto/Someone You Loved/Falsetto_Group/0007.wav,English,EN-Tenor-1,Someone You Loved,Falsetto_Group,0,1,0,0,1,0,1,non_mix,010010,falsetto_group,0.663536,,hard_negative,95,96,mix_prob,0.663536,0.238536
English#EN-Tenor-1#Mixed_Voice_and_Falsetto#Diamonds#Falsetto_Group#0001,D:\-MindEcho-main\ml_dl_models\gtsinger_multitech\dataset\raw\English\EN-Tenor-1\Mixed_Voice_and_Falsetto\Diamonds\Falsetto_Group\0001.wav,English/EN-Tenor-1/Mixed_Voice_and_Falsetto/Diamonds/Falsetto_Group/0001.wav,English,EN-Tenor-1,Diamonds,Falsetto_Group,0,1,0,0,1,0,1,non_mix,010010,falsetto_group,0.656504,,hard_negative,96,96,mix_prob,0.656504,0.231504
