item_name,wav_path,wav_fn,language,singer,song_name,group_name,mix,falsetto,breathy,vibrato,glissando,pharyngeal,any_tech,mix_variant,label_signature,binary_role,mined_mix_prob,mined_device,mined_selection_role,mined_rank,mined_pool_size
Chinese#ZH-Tenor-1#Mixed_Voice_and_Falsetto#不能说的秘密#Falsetto_Group#0004,D:\-MindEcho-main\ml_dl_models\gtsinger_multitech\dataset\raw\Chinese\ZH-Tenor-1\Mixed_Voice_and_Falsetto\不能说的秘密\Falsetto_Group\0004.wav,Chinese/ZH-Tenor-1/Mixed_Voice_and_Falsetto/不能说的秘密/Falsetto_Group/0004.wav,Chinese,ZH-Tenor-1,不能说的秘密,Falsetto_Group,1,1,0,0,1,0,1,head_mix,110010,positive_mix,0.061777,cuda,hard_positive,1,24
Chinese#ZH-Alto-1#Mixed_Voice_and_Falsetto#年轮#Falsetto_Group#0000,D:\-MindEcho-main\ml_dl_models\gtsinger_multitech\dataset\raw\Chinese\ZH-Alto-1\Mixed_Voice_and_Falsetto\年轮\Falsetto_Group\0000.wav,Chinese/ZH-Alto-1/Mixed_Voice_and_Falsetto/年轮/Falsetto_Group/0000.wav,Chinese,ZH-Alto-1,年轮,Falsetto_Group,1,1,0,0,1,0,1,head_mix,110010,positive_mix,0.080902,cuda,hard_positive,2,24
Chinese#ZH-Alto-1#Glissando#彩虹#Control_Group#0010,D:\-MindEcho-main\ml_dl_models\gtsinger_multitech\dataset\raw\Chinese\ZH-Alto-1\Glissando\彩虹\Control_Group\0010.wav,Chinese/ZH-Alto-1/Glissando/彩虹/Control_Group/0010.wav,Chinese,ZH-Alto-1,彩虹,Control_Group,1,0,0,0,0,0,1,clear_mix,100000,positive_mix,0.084581,cuda,hard_positive,3,24
Chinese#ZH-Tenor-1#Mixed_Voice_and_Falsetto#青花瓷#Falsetto_Group#0003,D:\-MindEcho-main\ml_dl_models\gtsinger_multitech\dataset\raw\Chinese\ZH-Tenor-1\Mixed_Voice_and_Falsetto\青花瓷\Falsetto_Group\0003.wav,Chinese/ZH-Tenor-1/Mixed_Voice_and_Falsetto/青花瓷/Falsetto_Group/0003.wav,Chinese,ZH-Tenor-1,青花瓷,Falsetto_Group,1,1,0,0,1,0,1,head_mix,110010,positive_mix,0.096672,cuda,hard_positive,4,24
Chinese#ZH-Tenor-1#Mixed_Voice_and_Falsetto#讲真的#Falsetto_Group#0004,D:\-MindEcho-main\ml_dl_models\gtsinger_multitech\dataset\raw\Chinese\ZH-Tenor-1\Mixed_Voice_and_Falsetto\讲真的\Falsetto_Group\0004.wav,Chinese/ZH-Tenor-1/Mixed_Voice_and_Falsetto/讲真的/Falsetto_Group/0004.wav,Chinese,ZH-Tenor-1,讲真的,Falsetto_Group,1,1,0,0,1,0,1,head_mix,110010,positive_mix,0.102129,cuda,hard_positive,5,24
Chinese#ZH-Alto-1#Mixed_Voice_and_Falsetto#别找我麻烦#Mixed_Voice_Group#0005,D:\-MindEcho-main\ml_dl_models\gtsinger_multitech\dataset\raw\Chinese\ZH-Alto-1\Mixed_Voice_and_Falsetto\别找我麻烦\Mixed_Voice_Group\0005.wav,Chinese/ZH-Alto-1/Mixed_Voice_and_Falsetto/别找我麻烦/Mixed_Voice_Group/0005.wav,Chinese,ZH-Alto-1,别找我麻烦,Mixed_Voice_Group,1,0,0,0,1,0,1,clear_mix,100010,positive_mix,0.116683,cuda,hard_positive,6,24
Chinese#ZH-Alto-1#Mixed_Voice_and_Falsetto#匆匆那年#Mixed_Voice_Group#0017,D:\-MindEcho-main\ml_dl_models\gtsinger_multitech\dataset\raw\Chinese\ZH-Alto-1\Mixed_Voice_and_Falsetto\匆匆那年\Mixed_Voice_Group\0017.wav,Chinese/ZH-Alto-1/Mixed_Voice_and_Falsetto/匆匆那年/Mixed_Voice_Group/0017.wav,Chinese,ZH-Alto-1,匆匆那年,Mixed_Voice_Group,1,1,0,1,1,0,1,head_mix,110110,positive_mix,0.125028,cuda,hard_positive,7,24
Chinese#ZH-Alto-1#Mixed_Voice_and_Falsetto#可惜没如果#Mixed_Voice_Group#0024,D:\-MindEcho-main\ml_dl_models\gtsinger_multitech\dataset\raw\Chinese\ZH-Alto-1\Mixed_Voice_and_Falsetto\可惜没如果\Mixed_Voice_Group\0024.wav,Chinese/ZH-Alto-1/Mixed_Voice_and_Falsetto/可惜没如果/Mixed_Voice_Group/0024.wav,Chinese,ZH-Alto-1,可惜没如果,Mixed_Voice_Group,1,1,0,0,1,0,1,head_mix,110010,positive_mix,0.125412,cuda,hard_positive,8,24
Chinese#ZH-Alto-1#Mixed_Voice_and_Falsetto#鸽子#Falsetto_Group#0001,D:\-MindEcho-main\ml_dl_models\gtsinger_multitech\dataset\raw\Chinese\ZH-Alto-1\Mixed_Voice_and_Falsetto\鸽子\Falsetto_Group\0001.wav,Chinese/ZH-Alto-1/Mixed_Voice_and_Falsetto/鸽子/Falsetto_Group/0001.wav,Chinese,ZH-Alto-1,鸽子,Falsetto_Group,1,1,0,0,1,0,1,head_mix,110010,positive_mix,0.133299,cuda,hard_positive,9,24
Chinese#ZH-Alto-1#Mixed_Voice_and_Falsetto#匆匆那年#Falsetto_Group#0010,D:\-MindEcho-main\ml_dl_models\gtsinger_multitech\dataset\raw\Chinese\ZH-Alto-1\Mixed_Voice_and_Falsetto\匆匆那年\Falsetto_Group\0010.wav,Chinese/ZH-Alto-1/Mixed_Voice_and_Falsetto/匆匆那年/Falsetto_Group/0010.wav,Chinese,ZH-Alto-1,匆匆那年,Falsetto_Group,1,1,1,0,0,0,1,breathy_mix,111000,positive_mix,0.134585,cuda,hard_positive,10,24
Chinese#ZH-Alto-1#Mixed_Voice_and_Falsetto#知足#Falsetto_Group#0011,D:\-MindEcho-main\ml_dl_models\gtsinger_multitech\dataset\raw\Chinese\ZH-Alto-1\Mixed_Voice_and_Falsetto\知足\Falsetto_Group\0011.wav,Chinese/ZH-Alto-1/Mixed_Voice_and_Falsetto/知足/Falsetto_Group/0011.wav,Chinese,ZH-Alto-1,知足,Falsetto_Group,1,1,0,0,1,0,1,head_mix,110010,positive_mix,0.154227,cuda,hard_positive,11,24
Chinese#ZH-Alto-1#Mixed_Voice_and_Falsetto#可惜没如果#Falsetto_Group#0026,D:\-MindEcho-main\ml_dl_models\gtsinger_multitech\dataset\raw\Chinese\ZH-Alto-1\Mixed_Voice_and_Falsetto\可惜没如果\Falsetto_Group\0026.wav,Chinese/ZH-Alto-1/Mixed_Voice_and_Falsetto/可惜没如果/Falsetto_Group/0026.wav,Chinese,ZH-Alto-1,可惜没如果,Falsetto_Group,1,1,1,0,1,0,1,breathy_mix,111010,positive_mix,0.154999,cuda,hard_positive,12,24
Chinese#ZH-Alto-1#Pharyngeal#默#Control_Group#0000,D:\-MindEcho-main\ml_dl_models\gtsinger_multitech\dataset\raw\Chinese\ZH-Alto-1\Pharyngeal\默\Control_Group\0000.wav,Chinese/ZH-Alto-1/Pharyngeal/默/Control_Group/0000.wav,Chinese,ZH-Alto-1,默,Control_Group,1,0,0,0,1,0,1,clear_mix,100010,positive_mix,0.159294,cuda,hard_positive,13,24
Chinese#ZH-Alto-1#Mixed_Voice_and_Falsetto#知足#Falsetto_Group#0012,D:\-MindEcho-main\ml_dl_models\gtsinger_multitech\dataset\raw\Chinese\ZH-Alto-1\Mixed_Voice_and_Falsetto\知足\Falsetto_Group\0012.wav,Chinese/ZH-Alto-1/Mixed_Voice_and_Falsetto/知足/Falsetto_Group/0012.wav,Chinese,ZH-Alto-1,知足,Falsetto_Group,1,1,0,0,1,0,1,head_mix,110010,positive_mix,0.159880,cuda,hard_positive,14,24
Chinese#ZH-Tenor-1#Mixed_Voice_and_Falsetto#老男孩#Falsetto_Group#0018,D:\-MindEcho-main\ml_dl_models\gtsinger_multitech\dataset\raw\Chinese\ZH-Tenor-1\Mixed_Voice_and_Falsetto\老男孩\Falsetto_Group\0018.wav,Chinese/ZH-Tenor-1/Mixed_Voice_and_Falsetto/老男孩/Falsetto_Group/0018.wav,Chinese,ZH-Tenor-1,老男孩,Falsetto_Group,1,1,0,0,1,0,1,head_mix,110010,positive_mix,0.161186,cuda,hard_positive,15,24
Chinese#ZH-Alto-1#Mixed_Voice_and_Falsetto#化身孤岛的鲸#Mixed_Voice_Group#0001,D:\-MindEcho-main\ml_dl_models\gtsinger_multitech\dataset\raw\Chinese\ZH-Alto-1\Mixed_Voice_and_Falsetto\化身孤岛的鲸\Mixed_Voice_Group\0001.wav,Chinese/ZH-Alto-1/Mixed_Voice_and_Falsetto/化身孤岛的鲸/Mixed_Voice_Group/0001.wav,Chinese,ZH-Alto-1,化身孤岛的鲸,Mixed_Voice_Group,1,0,0,0,1,0,1,clear_mix,100010,positive_mix,0.165159,cuda,hard_positive,16,24
Chinese#ZH-Tenor-1#Mixed_Voice_and_Falsetto#过火#Mixed_Voice_Group#0002,D:\-MindEcho-main\ml_dl_models\gtsinger_multitech\dataset\raw\Chinese\ZH-Tenor-1\Mixed_Voice_and_Falsetto\过火\Mixed_Voice_Group\0002.wav,Chinese/ZH-Tenor-1/Mixed_Voice_and_Falsetto/过火/Mixed_Voice_Group/0002.wav,Chinese,ZH-Tenor-1,过火,Mixed_Voice_Group,1,0,0,0,1,0,1,clear_mix,100010,positive_mix,0.191450,cuda,hard_positive,17,24
Chinese#ZH-Tenor-1#Mixed_Voice_and_Falsetto#全世界谁倾听你#Mixed_Voice_Group#0003,D:\-MindEcho-main\ml_dl_models\gtsinger_multitech\dataset\raw\Chinese\ZH-Tenor-1\Mixed_Voice_and_Falsetto\全世界谁倾听你\Mixed_Voice_Group\0003.wav,Chinese/ZH-Tenor-1/Mixed_Voice_and_Falsetto/全世界谁倾听你/Mixed_Voice_Group/0003.wav,Chinese,ZH-Tenor-1,全世界谁倾听你,Mixed_Voice_Group,1,0,0,0,1,0,1,clear_mix,100010,positive_mix,0.195122,cuda,hard_positive,18,24
Chinese#ZH-Tenor-1#Mixed_Voice_and_Falsetto#走马#Mixed_Voice_Group#0007,D:\-MindEcho-main\ml_dl_models\gtsinger_multitech\dataset\raw\Chinese\ZH-Tenor-1\Mixed_Voice_and_Falsetto\走马\Mixed_Voice_Group\0007.wav,Chinese/ZH-Tenor-1/Mixed_Voice_and_Falsetto/走马/Mixed_Voice_Group/0007.wav,Chinese,ZH-Tenor-1,走马,Mixed_Voice_Group,1,0,0,0,1,0,1,clear_mix,100010,positive_mix,0.223042,cuda,hard_positive,19,24
Chinese#ZH-Tenor-1#Pharyngeal#尘埃#Control_Group#0007,D:\-MindEcho-main\ml_dl_models\gtsinger_multitech\dataset\raw\Chinese\ZH-Tenor-1\Pharyngeal\尘埃\Control_Group\0007.wav,Chinese/ZH-Tenor-1/Pharyngeal/尘埃/Control_Group/0007.wav,Chinese,ZH-Tenor-1,尘埃,Control_Group,1,0,0,0,1,0,1,clear_mix,100010,positive_mix,0.229506,cuda,hard_positive,20,24
Chinese#ZH-Tenor-1#Mixed_Voice_and_Falsetto#平凡之路#Mixed_Voice_Group#0000,D:\-MindEcho-main\ml_dl_models\gtsinger_multitech\dataset\raw\Chinese\ZH-Tenor-1\Mixed_Voice_and_Falsetto\平凡之路\Mixed_Voice_Group\0000.wav,Chinese/ZH-Tenor-1/Mixed_Voice_and_Falsetto/平凡之路/Mixed_Voice_Group/0000.wav,Chinese,ZH-Tenor-1,平凡之路,Mixed_Voice_Group,1,0,0,0,1,0,1,clear_mix,100010,positive_mix,0.236610,cuda,hard_positive,21,24
Chinese#ZH-Tenor-1#Mixed_Voice_and_Falsetto#情歌#Mixed_Voice_Group#0000,D:\-MindEcho-main\ml_dl_models\gtsinger_multitech\dataset\raw\Chinese\ZH-Tenor-1\Mixed_Voice_and_Falsetto\情歌\Mixed_Voice_Group\0000.wav,Chinese/ZH-Tenor-1/Mixed_Voice_and_Falsetto/情歌/Mixed_Voice_Group/0000.wav,Chinese,ZH-Tenor-1,情歌,Mixed_Voice_Group,1,0,0,0,1,0,1,clear_mix,100010,positive_mix,0.248614,cuda,hard_positive,22,24
Chinese#ZH-Tenor-1#Mixed_Voice_and_Falsetto#终于等到你#Mixed_Voice_Group#0018,D:\-MindEcho-main\ml_dl_models\gtsinger_multitech\dataset\raw\Chinese\ZH-Tenor-1\Mixed_Voice_and_Falsetto\终于等到你\Mixed_Voice_Group\0018.wav,Chinese/ZH-Tenor-1/Mixed_Voice_and_Falsetto/终于等到你/Mixed_Voice_Group/0018.wav,Chinese,ZH-Tenor-1,终于等到你,Mixed_Voice_Group,1,0,0,0,1,0,1,clear_mix,100010,positive_mix,0.263493,cuda,hard_positive,23,24
Chinese#ZH-Tenor-1#Pharyngeal#亲爱的那不是爱情#Pharyngeal_Group#0001,D:\-MindEcho-main\ml_dl_models\gtsinger_multitech\dataset\raw\Chinese\ZH-Tenor-1\Pharyngeal\亲爱的那不是爱情\Pharyngeal_Group\0001.wav,Chinese/ZH-Tenor-1/Pharyngeal/亲爱的那不是爱情/Pharyngeal_Group/0001.wav,Chinese,ZH-Tenor-1,亲爱的那不是爱情,Pharyngeal_Group,1,1,0,0,1,1,1,head_mix,110011,positive_mix,0.276984,cuda,hard_positive,24,24
Chinese#ZH-Tenor-1#Breathy#化身孤岛的鲸#Control_Group#0023,D:\-MindEcho-main\ml_dl_models\gtsinger_multitech\dataset\raw\Chinese\ZH-Tenor-1\Breathy\化身孤岛的鲸\Control_Group\0023.wav,Chinese/ZH-Tenor-1/Breathy/化身孤岛的鲸/Control_Group/0023.wav,Chinese,ZH-Tenor-1,化身孤岛的鲸,Control_Group,0,1,0,0,1,0,1,non_mix,010010,control_negative,0.843655,cuda,hard_negative,1,24
Chinese#ZH-Tenor-1#Breathy#会呼吸的痛#Control_Group#0014,D:\-MindEcho-main\ml_dl_models\gtsinger_multitech\dataset\raw\Chinese\ZH-Tenor-1\Breathy\会呼吸的痛\Control_Group\0014.wav,Chinese/ZH-Tenor-1/Breathy/会呼吸的痛/Control_Group/0014.wav,Chinese,ZH-Tenor-1,会呼吸的痛,Control_Group,0,1,0,0,1,0,1,non_mix,010010,control_negative,0.832491,cuda,hard_negative,2,24
Chinese#ZH-Tenor-1#Breathy#会呼吸的痛#Control_Group#0005,D:\-MindEcho-main\ml_dl_models\gtsinger_multitech\dataset\raw\Chinese\ZH-Tenor-1\Breathy\会呼吸的痛\Control_Group\0005.wav,Chinese/ZH-Tenor-1/Breathy/会呼吸的痛/Control_Group/0005.wav,Chinese,ZH-Tenor-1,会呼吸的痛,Control_Group,0,1,0,0,1,0,1,non_mix,010010,control_negative,0.788703,cuda,hard_negative,3,24
Chinese#ZH-Tenor-1#Breathy#如果爱忘了#Control_Group#0009,D:\-MindEcho-main\ml_dl_models\gtsinger_multitech\dataset\raw\Chinese\ZH-Tenor-1\Breathy\如果爱忘了\Control_Group\0009.wav,Chinese/ZH-Tenor-1/Breathy/如果爱忘了/Control_Group/0009.wav,Chinese,ZH-Tenor-1,如果爱忘了,Control_Group,0,0,0,1,1,0,1,non_mix,000110,control_negative,0.785903,cuda,hard_negative,4,24
Chinese#ZH-Alto-1#Mixed_Voice_and_Falsetto#可乐#Control_Group#0015,D:\-MindEcho-main\ml_dl_models\gtsinger_multitech\dataset\raw\Chinese\ZH-Alto-1\Mixed_Voice_and_Falsetto\可乐\Control_Group\0015.wav,Chinese/ZH-Alto-1/Mixed_Voice_and_Falsetto/可乐/Control_Group/0015.wav,Chinese,ZH-Alto-1,可乐,Control_Group,0,0,0,0,1,0,1,non_mix,000010,control_negative,0.754165,cuda,hard_negative,5,24
Chinese#ZH-Alto-1#Mixed_Voice_and_Falsetto#贝加尔湖畔#Control_Group#0011,D:\-MindEcho-main\ml_dl_models\gtsinger_multitech\dataset\raw\Chinese\ZH-Alto-1\Mixed_Voice_and_Falsetto\贝加尔湖畔\Control_Group\0011.wav,Chinese/ZH-Alto-1/Mixed_Voice_and_Falsetto/贝加尔湖畔/Control_Group/0011.wav,Chinese,ZH-Alto-1,贝加尔湖畔,Control_Group,0,0,0,1,1,0,1,non_mix,000110,control_negative,0.753497,cuda,hard_negative,6,24
Chinese#ZH-Tenor-1#Vibrato#如果爱忘了#Control_Group#0013,D:\-MindEcho-main\ml_dl_models\gtsinger_multitech\dataset\raw\Chinese\ZH-Tenor-1\Vibrato\如果爱忘了\Control_Group\0013.wav,Chinese/ZH-Tenor-1/Vibrato/如果爱忘了/Control_Group/0013.wav,Chinese,ZH-Tenor-1,如果爱忘了,Control_Group,0,1,0,0,1,0,1,non_mix,010010,control_negative,0.739471,cuda,hard_negative,7,24
Chinese#ZH-Tenor-1#Mixed_Voice_and_Falsetto#修炼爱情#Control_Group#0002,D:\-MindEcho-main\ml_dl_models\gtsinger_multitech\dataset\raw\Chinese\ZH-Tenor-1\Mixed_Voice_and_Falsetto\修炼爱情\Control_Group\0002.wav,Chinese/ZH-Tenor-1/Mixed_Voice_and_Falsetto/修炼爱情/Control_Group/0002.wav,Chinese,ZH-Tenor-1,修炼爱情,Control_Group,0,1,0,0,1,0,1,non_mix,010010,control_negative,0.720819,cuda,hard_negative,8,24
Chinese#ZH-Tenor-1#Breathy#给电影人的情书#Control_Group#0019,D:\-MindEcho-main\ml_dl_models\gtsinger_multitech\dataset\raw\Chinese\ZH-Tenor-1\Breathy\给电影人的情书\Control_Group\0019.wav,Chinese/ZH-Tenor-1/Breathy/给电影人的情书/Control_Group/0019.wav,Chinese,ZH-Tenor-1,给电影人的情书,Control_Group,0,0,0,1,1,0,1,non_mix,000110,control_negative,0.711612,cuda,hard_negative,9,24
Chinese#ZH-Alto-1#Pharyngeal#大鱼#Control_Group#0010,D:\-MindEcho-main\ml_dl_models\gtsinger_multitech\dataset\raw\Chinese\ZH-Alto-1\Pharyngeal\大鱼\Control_Group\0010.wav,Chinese/ZH-Alto-1/Pharyngeal/大鱼/Control_Group/0010.wav,Chinese,ZH-Alto-1,大鱼,Control_Group,0,0,0,0,1,0,1,non_mix,000010,control_negative,0.662849,cuda,hard_negative,10,24
Chinese#ZH-Alto-1#Pharyngeal#我好想你#Control_Group#0004,D:\-MindEcho-main\ml_dl_models\gtsinger_multitech\dataset\raw\Chinese\ZH-Alto-1\Pharyngeal\我好想你\Control_Group\0004.wav,Chinese/ZH-Alto-1/Pharyngeal/我好想你/Control_Group/0004.wav,Chinese,ZH-Alto-1,我好想你,Control_Group,0,0,0,0,1,0,1,non_mix,000010,control_negative,0.658027,cuda,hard_negative,11,24
Chinese#ZH-Alto-1#Mixed_Voice_and_Falsetto#可乐#Control_Group#0014,D:\-MindEcho-main\ml_dl_models\gtsinger_multitech\dataset\raw\Chinese\ZH-Alto-1\Mixed_Voice_and_Falsetto\可乐\Control_Group\0014.wav,Chinese/ZH-Alto-1/Mixed_Voice_and_Falsetto/可乐/Control_Group/0014.wav,Chinese,ZH-Alto-1,可乐,Control_Group,0,0,0,0,1,0,1,non_mix,000010,control_negative,0.649167,cuda,hard_negative,12,24
Chinese#ZH-Alto-1#Vibrato#不再见#Control_Group#0025,D:\-MindEcho-main\ml_dl_models\gtsinger_multitech\dataset\raw\Chinese\ZH-Alto-1\Vibrato\不再见\Control_Group\0025.wav,Chinese/ZH-Alto-1/Vibrato/不再见/Control_Group/0025.wav,Chinese,ZH-Alto-1,不再见,Control_Group,0,0,0,0,1,0,1,non_mix,000010,control_negative,0.622158,cuda,hard_negative,13,24
Chinese#ZH-Alto-1#Pharyngeal#失落沙洲#Control_Group#0006,D:\-MindEcho-main\ml_dl_models\gtsinger_multitech\dataset\raw\Chinese\ZH-Alto-1\Pharyngeal\失落沙洲\Control_Group\0006.wav,Chinese/ZH-Alto-1/Pharyngeal/失落沙洲/Control_Group/0006.wav,Chinese,ZH-Alto-1,失落沙洲,Control_Group,0,0,0,0,1,0,1,non_mix,000010,control_negative,0.621690,cuda,hard_negative,14,24
Chinese#ZH-Alto-1#Pharyngeal#我好想你#Control_Group#0009,D:\-MindEcho-main\ml_dl_models\gtsinger_multitech\dataset\raw\Chinese\ZH-Alto-1\Pharyngeal\我好想你\Control_Group\0009.wav,Chinese/ZH-Alto-1/Pharyngeal/我好想你/Control_Group/0009.wav,Chinese,ZH-Alto-1,我好想你,Control_Group,0,1,0,1,1,0,1,non_mix,010110,control_negative,0.621467,cuda,hard_negative,15,24
Chinese#ZH-Tenor-1#Breathy#化身孤岛的鲸#Control_Group#0005,D:\-MindEcho-main\ml_dl_models\gtsinger_multitech\dataset\raw\Chinese\ZH-Tenor-1\Breathy\化身孤岛的鲸\Control_Group\0005.wav,Chinese/ZH-Tenor-1/Breathy/化身孤岛的鲸/Control_Group/0005.wav,Chinese,ZH-Tenor-1,化身孤岛的鲸,Control_Group,0,1,0,0,1,0,1,non_mix,010010,control_negative,0.615997,cuda,hard_negative,16,24
Chinese#ZH-Alto-1#Vibrato#不再见#Control_Group#0016,D:\-MindEcho-main\ml_dl_models\gtsinger_multitech\dataset\raw\Chinese\ZH-Alto-1\Vibrato\不再见\Control_Group\0016.wav,Chinese/ZH-Alto-1/Vibrato/不再见/Control_Group/0016.wav,Chinese,ZH-Alto-1,不再见,Control_Group,0,0,0,0,1,0,1,non_mix,000010,control_negative,0.610291,cuda,hard_negative,17,24
Chinese#ZH-Alto-1#Mixed_Voice_and_Falsetto#忽然之间#Control_Group#0006,D:\-MindEcho-main\ml_dl_models\gtsinger_multitech\dataset\raw\Chinese\ZH-Alto-1\Mixed_Voice_and_Falsetto\忽然之间\Control_Group\0006.wav,Chinese/ZH-Alto-1/Mixed_Voice_and_Falsetto/忽然之间/Control_Group/0006.wav,Chinese,ZH-Alto-1,忽然之间,Control_Group,0,0,0,0,1,0,1,non_mix,000010,control_negative,0.589589,cuda,hard_negative,18,24
Chinese#ZH-Alto-1#Breathy#失落沙洲#Control_Group#0007,D:\-MindEcho-main\ml_dl_models\gtsinger_multitech\dataset\raw\Chinese\ZH-Alto-1\Breathy\失落沙洲\Control_Group\0007.wav,Chinese/ZH-Alto-1/Breathy/失落沙洲/Control_Group/0007.wav,Chinese,ZH-Alto-1,失落沙洲,Control_Group,0,0,0,0,1,0,1,non_mix,000010,control_negative,0.587793,cuda,hard_negative,19,24
Chinese#ZH-Alto-1#Vibrato#南山南#Control_Group#0004,D:\-MindEcho-main\ml_dl_models\gtsinger_multitech\dataset\raw\Chinese\ZH-Alto-1\Vibrato\南山南\Control_Group\0004.wav,Chinese/ZH-Alto-1/Vibrato/南山南/Control_Group/0004.wav,Chinese,ZH-Alto-1,南山南,Control_Group,0,0,0,0,1,0,1,non_mix,000010,control_negative,0.584342,cuda,hard_negative,20,24
Chinese#ZH-Tenor-1#Breathy#给电影人的情书#Control_Group#0013,D:\-MindEcho-main\ml_dl_models\gtsinger_multitech\dataset\raw\Chinese\ZH-Tenor-1\Breathy\给电影人的情书\Control_Group\0013.wav,Chinese/ZH-Tenor-1/Breathy/给电影人的情书/Control_Group/0013.wav,Chinese,ZH-Tenor-1,给电影人的情书,Control_Group,0,0,0,1,1,0,1,non_mix,000110,control_negative,0.580744,cuda,hard_negative,21,24
Chinese#ZH-Tenor-1#Mixed_Voice_and_Falsetto#江南#Control_Group#0009,D:\-MindEcho-main\ml_dl_models\gtsinger_multitech\dataset\raw\Chinese\ZH-Tenor-1\Mixed_Voice_and_Falsetto\江南\Control_Group\0009.wav,Chinese/ZH-Tenor-1/Mixed_Voice_and_Falsetto/江南/Control_Group/0009.wav,Chinese,ZH-Tenor-1,江南,Control_Group,0,0,0,1,1,0,1,non_mix,000110,control_negative,0.568560,cuda,hard_negative,22,24
Chinese#ZH-Tenor-1#Mixed_Voice_and_Falsetto#枫#Control_Group#0011,D:\-MindEcho-main\ml_dl_models\gtsinger_multitech\dataset\raw\Chinese\ZH-Tenor-1\Mixed_Voice_and_Falsetto\枫\Control_Group\0011.wav,Chinese/ZH-Tenor-1/Mixed_Voice_and_Falsetto/枫/Control_Group/0011.wav,Chinese,ZH-Tenor-1,枫,Control_Group,0,0,0,1,1,0,1,non_mix,000110,control_negative,0.547113,cuda,hard_negative,23,24
Chinese#ZH-Tenor-1#Glissando#遇见#Control_Group#0003,D:\-MindEcho-main\ml_dl_models\gtsinger_multitech\dataset\raw\Chinese\ZH-Tenor-1\Glissando\遇见\Control_Group\0003.wav,Chinese/ZH-Tenor-1/Glissando/遇见/Control_Group/0003.wav,Chinese,ZH-Tenor-1,遇见,Control_Group,0,1,0,0,1,0,1,non_mix,010010,control_negative,0.541902,cuda,hard_negative,24,24
