item_name,group_name,song_name,singer,binary_role,outcome,miss_reason,mix_event_count,weak_mix_count,strong_mix_count,best_voice_mix_margin,best_voice_event,voice_rule_diagnosis,strongest_mix_event,voice_debug,family_primary_blocker,family_blockers,family_released_flags,family_candidate_subtype,family_candidate_subtype_conf,family_mix_support,family_head_bias,family_weak_mix_support,family_mean_pitch_hz,family_best_voice_mix_prob,family_best_voice_mix_margin,family_best_voice_type,family_strongest_mix_event_type,family_strongest_mix_subtype,family_strongest_mix_base_voice_type
Chinese#ZH-Alto-1#Vibrato#我喜欢上你时的内心活动#Control_Group#0012,Control_Group,我喜欢上你时的内心活动,ZH-Alto-1,control_negative,false_positive,,1,0,1,0.187745,"{'event_type': 'chest_voice', 'start_time': 6.72, 'end_time': 8.16, 'confidence': 0.555195, 'strength': 0.464072, 'voice_type': 'chest', 'mean_pitch_hz': 217.258652, 'chest_prob': 0.555195, 'falsetto_prob': 0.444805, 'mix_prob': 0.612745, 'mix_threshold': 0.425, 'feature_snapshot': {'mean_rms': 0.040109, 'mean_zcr': 0.0, 'stable_ratio': 1.0, 'voiced_ratio': 1.0, 'mean_breath_score': 0.0, 'breath_hint_ratio': 0.0, 'mix_prob': 0.612745, 'mix_threshold': 0.425}}","{'voice_features': {'duration': 1.44, 'confidence': 0.555195, 'strength': 0.464072, 'probability_margin': 0.11039, 'chest_prob': 0.555195, 'falsetto_prob': 0.444805, 'voiced_ratio': 1.0, 'mean_pitch_hz': 217.258652, 'mean_rms': 0.040109, 'mean_zcr': 0.0, 'stable_ratio': 1.0, 'mean_breath_score': 0.0, 'breath_hint_ratio': 0.0, 'learned_mix_prob': 0.612745, 'learned_mix_threshold': 0.425, 'learned_mix_margin': 0.187745}, 'supports': {'heuristic_mix_support': 0.724025, 'learned_mix_support': 0.732726, 'mix_support': 0.729942, 'pitch_support': 0.031559, 'stable_support': 1.0, 'voiced_support': 1.0, 'breathiness': 0.0, 'head_bias': 0.13922, 'chest_bias': 0.58078, 'weak_mix_support': 0.729942, 'weak_mix_support_floor': 0.28, 'weak_mix_pitch_floor': 230.0}, 'released_flags': {'pure_learned_head_mix': False, 'marginal_head_mix': False, 'released_high_pitch_head_mix': False, 'released_near_threshold_high_pitch_head_mix': False, 'released_ultra_high_pitch_head_mix': False, 'released_high_energy_midhigh_head_mix': False, 'released_supported_low_pitch_head_mix': False, 'released_lowmid_near_threshold_head_mix': False, 'released_midhigh_near_threshold_head_mix': False, 'released_ultrahigh_bright_head_point_mix': False, 'released_midchest_near_threshold_head_mix': False, 'released_low_energy_midhigh_head_mix': False, 'released_sustained_highpitch_marginal_head_mix': False, 'released_midpitch_lowchest_pure_head_mix': False, 'released_short_lowpitch_marginal_head_mix': False, 'released_underpowered_short_lowpitch_head_mix': False, 'underpowered_low_pitch_head_mix': False, 'borderline_low_mid_pitch_head_mix': False}, 'subtype_eval': {'candidate_subtype': 'strong_mix', 'candidate_subtype_conf': 0.754703, 'candidate_subtype_mix_support': 0.729942, 'strong_requires_threshold_block': False}, 'blockers': ['passes_rule_core']}","{'event_type': 'strong_mix', 'subtype': 'strong_mix', 'base_voice_type': 'chest', 'start_time': 5.84, 'end_time': 8.16, 'confidence': 0.762448, 'strength': 0.707899, 'feature_snapshot': {'mix_support': 0.729943, 'learned_mix_margin': 0.187745, 'heuristic_mix_support': 0.724026, 'learned_mix_support': 0.732727, 'breathiness': 0.0, 'head_bias': 0.139221, 'chest_bias': 0.580779, 'pure_learned_head_mix': False, 'marginal_head_mix': False, 'released_high_pitch_head_mix': False, 'released_near_threshold_high_pitch_head_mix': False, 'released_ultra_high_pitch_head_mix': False, 'released_low_energy_midhigh_head_mix': False, 'released_sustained_highpitch_marginal_head_mix': False, 'released_midpitch_lowchest_pure_head_mix': False, 'released_short_lowpitch_marginal_head_mix': False, 'released_underpowered_short_lowpitch_head_mix': False, 'underpowered_low_pitch_head_mix': False, 'borderline_low_mid_pitch_head_mix': False, 'weak_mix_support_floor': 0.28, 'weak_mix_pitch_floor': 230.0, 'mix_prob': 0.612745, 'mix_threshold': 0.425, 'mean_pitch_hz': 217.258652}}","{'model_ready': True, 'candidate_windows': 50, 'predicted_windows': 50, 'accepted_windows': 45, 'context_adjusted_windows': 11, 'relaxed_used': False, 'reason': '', 'backend': 'external_python'}",passes_rule_core,passes_rule_core,,strong_mix,0.754703,0.729942,0.13922,0.729942,217.258652,0.612745,0.187745,chest_voice,strong_mix,strong_mix,chest
Chinese#ZH-Alto-1#Pharyngeal#小半#Control_Group#0008,Control_Group,小半,ZH-Alto-1,control_negative,false_positive,,1,1,0,0.153068,"{'event_type': 'falsetto', 'start_time': 7.18, 'end_time': 7.82, 'confidence': 0.593423, 'strength': 0.570785, 'voice_type': 'falsetto', 'mean_pitch_hz': 235.081451, 'chest_prob': 0.406577, 'falsetto_prob': 0.593423, 'mix_prob': 0.578068, 'mix_threshold': 0.425, 'feature_snapshot': {'mean_rms': 0.026801, 'mean_zcr': 0.0, 'stable_ratio': 1.0, 'voiced_ratio': 1.0, 'mean_breath_score': 0.0, 'breath_hint_ratio': 0.0, 'mix_prob': 0.578068, 'mix_threshold': 0.425}}","{'voice_features': {'duration': 0.64, 'confidence': 0.593423, 'strength': 0.570785, 'probability_margin': 0.186846, 'chest_prob': 0.406577, 'falsetto_prob': 0.593423, 'voiced_ratio': 1.0, 'mean_pitch_hz': 235.081451, 'mean_rms': 0.026801, 'mean_zcr': 0.0, 'stable_ratio': 1.0, 'mean_breath_score': 0.0, 'breath_hint_ratio': 0.0, 'learned_mix_prob': 0.578068, 'learned_mix_threshold': 0.425, 'learned_mix_margin': 0.153068}, 'supports': {'heuristic_mix_support': 0.532885, 'learned_mix_support': 0.650162, 'mix_support': 0.612633, 'pitch_support': 0.10905, 'stable_support': 1.0, 'voiced_support': 1.0, 'breathiness': 0.0, 'head_bias': 0.733692, 'chest_bias': 0.0, 'weak_mix_support': 0.650162, 'weak_mix_support_floor': 0.2, 'weak_mix_pitch_floor': 180.0}, 'released_flags': {'pure_learned_head_mix': False, 'marginal_head_mix': False, 'released_high_pitch_head_mix': False, 'released_near_threshold_high_pitch_head_mix': False, 'released_ultra_high_pitch_head_mix': False, 'released_high_energy_midhigh_head_mix': False, 'released_supported_low_pitch_head_mix': False, 'released_lowmid_near_threshold_head_mix': False, 'released_midhigh_near_threshold_head_mix': False, 'released_ultrahigh_bright_head_point_mix': False, 'released_midchest_near_threshold_head_mix': False, 'released_low_energy_midhigh_head_mix': False, 'released_sustained_highpitch_marginal_head_mix': False, 'released_midpitch_lowchest_pure_head_mix': False, 'released_short_lowpitch_marginal_head_mix': False, 'released_underpowered_short_lowpitch_head_mix': False, 'underpowered_low_pitch_head_mix': False, 'borderline_low_mid_pitch_head_mix': False}, 'subtype_eval': {'candidate_subtype': 'weak_mix', 'candidate_subtype_conf': 0.6258, 'candidate_subtype_mix_support': 0.650162, 'strong_requires_threshold_block': False}, 'blockers': ['passes_rule_core']}","{'event_type': 'weak_mix', 'subtype': 'weak_mix', 'base_voice_type': 'falsetto', 'start_time': 0.0, 'end_time': 6.88, 'confidence': 0.801814, 'strength': 0.743203, 'feature_snapshot': {'mix_support': 0.437524, 'learned_mix_margin': 0.06376, 'heuristic_mix_support': 0.0, 'learned_mix_support': 0.437524, 'breathiness': 0.0, 'head_bias': 1.0, 'chest_bias': 0.0, 'pure_learned_head_mix': True, 'marginal_head_mix': False, 'released_high_pitch_head_mix': False, 'released_near_threshold_high_pitch_head_mix': False, 'released_ultra_high_pitch_head_mix': False, 'released_low_energy_midhigh_head_mix': False, 'released_sustained_highpitch_marginal_head_mix': False, 'released_midpitch_lowchest_pure_head_mix': False, 'released_short_lowpitch_marginal_head_mix': False, 'released_underpowered_short_lowpitch_head_mix': False, 'underpowered_low_pitch_head_mix': False, 'borderline_low_mid_pitch_head_mix': False, 'weak_mix_support_floor': 0.2, 'weak_mix_pitch_floor': 180.0, 'mix_prob': 0.48876, 'mix_threshold': 0.425, 'mean_pitch_hz': 478.291199}}","{'model_ready': True, 'candidate_windows': 46, 'predicted_windows': 46, 'accepted_windows': 41, 'context_adjusted_windows': 0, 'relaxed_used': False, 'reason': '', 'backend': 'external_python'}",passes_rule_core,passes_rule_core,,weak_mix,0.6258,0.612633,0.733692,0.650162,235.081451,0.578068,0.153068,falsetto,weak_mix,weak_mix,falsetto
Chinese#ZH-Alto-1#Breathy#慢慢喜欢你#Control_Group#0002,Control_Group,慢慢喜欢你,ZH-Alto-1,control_negative,false_positive,,2,1,1,0.150297,"{'event_type': 'falsetto', 'start_time': 0.0, 'end_time': 0.8, 'confidence': 0.661166, 'strength': 0.759882, 'voice_type': 'falsetto', 'mean_pitch_hz': 252.980347, 'chest_prob': 0.387384, 'falsetto_prob': 0.661166, 'mix_prob': 0.575297, 'mix_threshold': 0.425, 'feature_snapshot': {'mean_rms': 0.042088, 'mean_zcr': 0.0, 'stable_ratio': 1.0, 'voiced_ratio': 1.0, 'mean_breath_score': 0.0, 'breath_hint_ratio': 0.0, 'mix_prob': 0.575297, 'mix_threshold': 0.425}}","{'voice_features': {'duration': 0.8, 'confidence': 0.661166, 'strength': 0.759882, 'probability_margin': 0.273782, 'chest_prob': 0.387384, 'falsetto_prob': 0.661166, 'voiced_ratio': 1.0, 'mean_pitch_hz': 252.980347, 'mean_rms': 0.042088, 'mean_zcr': 0.0, 'stable_ratio': 1.0, 'mean_breath_score': 0.0, 'breath_hint_ratio': 0.0, 'learned_mix_prob': 0.575297, 'learned_mix_threshold': 0.425, 'learned_mix_margin': 0.150297}, 'supports': {'heuristic_mix_support': 0.315545, 'learned_mix_support': 0.643564, 'mix_support': 0.538598, 'pitch_support': 0.186871, 'stable_support': 1.0, 'voiced_support': 1.0, 'breathiness': 0.0, 'head_bias': 0.907564, 'chest_bias': 0.0, 'weak_mix_support': 0.643564, 'weak_mix_support_floor': 0.2, 'weak_mix_pitch_floor': 180.0}, 'released_flags': {'pure_learned_head_mix': False, 'marginal_head_mix': False, 'released_high_pitch_head_mix': False, 'released_near_threshold_high_pitch_head_mix': False, 'released_ultra_high_pitch_head_mix': False, 'released_high_energy_midhigh_head_mix': False, 'released_supported_low_pitch_head_mix': False, 'released_lowmid_near_threshold_head_mix': False, 'released_midhigh_near_threshold_head_mix': False, 'released_ultrahigh_bright_head_point_mix': False, 'released_midchest_near_threshold_head_mix': False, 'released_low_energy_midhigh_head_mix': False, 'released_sustained_highpitch_marginal_head_mix': False, 'released_midpitch_lowchest_pure_head_mix': False, 'released_short_lowpitch_marginal_head_mix': False, 'released_underpowered_short_lowpitch_head_mix': False, 'underpowered_low_pitch_head_mix': False, 'borderline_low_mid_pitch_head_mix': False}, 'subtype_eval': {'candidate_subtype': 'weak_mix', 'candidate_subtype_conf': 0.685867, 'candidate_subtype_mix_support': 0.643564, 'strong_requires_threshold_block': False}, 'blockers': ['passes_rule_core']}","{'event_type': 'weak_mix', 'subtype': 'weak_mix', 'base_voice_type': 'falsetto', 'start_time': 0.0, 'end_time': 0.8, 'confidence': 0.73678, 'strength': 0.755332, 'feature_snapshot': {'mix_support': 0.643565, 'learned_mix_margin': 0.150297, 'heuristic_mix_support': 0.194172, 'learned_mix_support': 0.643565, 'breathiness': 0.0, 'head_bias': 0.907564, 'chest_bias': 0.0, 'pure_learned_head_mix': False, 'marginal_head_mix': False, 'released_high_pitch_head_mix': False, 'released_near_threshold_high_pitch_head_mix': False, 'released_ultra_high_pitch_head_mix': False, 'released_low_energy_midhigh_head_mix': False, 'released_sustained_highpitch_marginal_head_mix': False, 'released_midpitch_lowchest_pure_head_mix': False, 'released_short_lowpitch_marginal_head_mix': False, 'released_underpowered_short_lowpitch_head_mix': False, 'underpowered_low_pitch_head_mix': False, 'borderline_low_mid_pitch_head_mix': False, 'weak_mix_support_floor': 0.2, 'weak_mix_pitch_floor': 180.0, 'mix_prob': 0.575297, 'mix_threshold': 0.425, 'mean_pitch_hz': 252.980347}}","{'model_ready': True, 'candidate_windows': 68, 'predicted_windows': 68, 'accepted_windows': 63, 'context_adjusted_windows': 0, 'relaxed_used': False, 'reason': '', 'backend': 'external_python'}",passes_rule_core,passes_rule_core,,weak_mix,0.685867,0.538598,0.907564,0.643564,252.980347,0.575297,0.150297,falsetto,weak_mix,weak_mix,falsetto
Chinese#ZH-Alto-1#Mixed_Voice_and_Falsetto#最长的电影#Control_Group#0005,Control_Group,最长的电影,ZH-Alto-1,control_negative,false_positive,,2,1,1,0.146488,"{'event_type': 'chest_voice', 'start_time': 6.56, 'end_time': 7.475011, 'confidence': 0.539675, 'strength': 0.42075, 'voice_type': 'chest', 'mean_pitch_hz': 217.386032, 'chest_prob': 0.539675, 'falsetto_prob': 0.460325, 'mix_prob': 0.571488, 'mix_threshold': 0.425, 'feature_snapshot': {'mean_rms': 0.02229, 'mean_zcr': 0.0, 'stable_ratio': 1.0, 'voiced_ratio': 1.0, 'mean_breath_score': 0.0, 'breath_hint_ratio': 0.0, 'mix_prob': 0.571488, 'mix_threshold': 0.425}}","{'voice_features': {'duration': 0.915011, 'confidence': 0.539675, 'strength': 0.42075, 'probability_margin': 0.07935, 'chest_prob': 0.539675, 'falsetto_prob': 0.460325, 'voiced_ratio': 1.0, 'mean_pitch_hz': 217.386032, 'mean_rms': 0.02229, 'mean_zcr': 0.0, 'stable_ratio': 1.0, 'mean_breath_score': 0.0, 'breath_hint_ratio': 0.0, 'learned_mix_prob': 0.571488, 'learned_mix_threshold': 0.425, 'learned_mix_margin': 0.146488}, 'supports': {'heuristic_mix_support': 0.801625, 'learned_mix_support': 0.634495, 'mix_support': 0.687977, 'pitch_support': 0.032113, 'stable_support': 1.0, 'voiced_support': 1.0, 'breathiness': 0.0, 'head_bias': 0.2013, 'chest_bias': 0.5187, 'weak_mix_support': 0.687977, 'weak_mix_support_floor': 0.28, 'weak_mix_pitch_floor': 230.0}, 'released_flags': {'pure_learned_head_mix': False, 'marginal_head_mix': False, 'released_high_pitch_head_mix': False, 'released_near_threshold_high_pitch_head_mix': False, 'released_ultra_high_pitch_head_mix': False, 'released_high_energy_midhigh_head_mix': False, 'released_supported_low_pitch_head_mix': False, 'released_lowmid_near_threshold_head_mix': False, 'released_midhigh_near_threshold_head_mix': False, 'released_ultrahigh_bright_head_point_mix': False, 'released_midchest_near_threshold_head_mix': False, 'released_low_energy_midhigh_head_mix': False, 'released_sustained_highpitch_marginal_head_mix': False, 'released_midpitch_lowchest_pure_head_mix': False, 'released_short_lowpitch_marginal_head_mix': False, 'released_underpowered_short_lowpitch_head_mix': False, 'underpowered_low_pitch_head_mix': False, 'borderline_low_mid_pitch_head_mix': False}, 'subtype_eval': {'candidate_subtype': 'strong_mix', 'candidate_subtype_conf': 0.722742, 'candidate_subtype_mix_support': 0.687977, 'strong_requires_threshold_block': False}, 'blockers': ['passes_rule_core']}","{'event_type': 'strong_mix', 'subtype': 'strong_mix', 'base_voice_type': 'chest', 'start_time': 6.56, 'end_time': 7.475011, 'confidence': 0.722742, 'strength': 0.653652, 'feature_snapshot': {'mix_support': 0.687977, 'learned_mix_margin': 0.146488, 'heuristic_mix_support': 0.801625, 'learned_mix_support': 0.634496, 'breathiness': 0.0, 'head_bias': 0.2013, 'chest_bias': 0.5187, 'pure_learned_head_mix': False, 'marginal_head_mix': False, 'released_high_pitch_head_mix': False, 'released_near_threshold_high_pitch_head_mix': False, 'released_ultra_high_pitch_head_mix': False, 'released_low_energy_midhigh_head_mix': False, 'released_sustained_highpitch_marginal_head_mix': False, 'released_midpitch_lowchest_pure_head_mix': False, 'released_short_lowpitch_marginal_head_mix': False, 'released_underpowered_short_lowpitch_head_mix': False, 'underpowered_low_pitch_head_mix': False, 'borderline_low_mid_pitch_head_mix': False, 'weak_mix_support_floor': 0.28, 'weak_mix_pitch_floor': 230.0, 'mix_prob': 0.571488, 'mix_threshold': 0.425, 'mean_pitch_hz': 217.386032}}","{'model_ready': True, 'candidate_windows': 47, 'predicted_windows': 47, 'accepted_windows': 42, 'context_adjusted_windows': 5, 'relaxed_used': False, 'reason': '', 'backend': 'external_python'}",passes_rule_core,passes_rule_core,,strong_mix,0.722742,0.687977,0.2013,0.687977,217.386032,0.571488,0.146488,chest_voice,strong_mix,strong_mix,chest
Chinese#ZH-Alto-1#Mixed_Voice_and_Falsetto#后来#Control_Group#0006,Control_Group,后来,ZH-Alto-1,control_negative,false_positive,,2,1,1,0.143642,"{'event_type': 'falsetto', 'start_time': 2.56, 'end_time': 3.28, 'confidence': 0.59206, 'strength': 0.566978, 'voice_type': 'falsetto', 'mean_pitch_hz': 222.758286, 'chest_prob': 0.40794, 'falsetto_prob': 0.59206, 'mix_prob': 0.568642, 'mix_threshold': 0.425, 'feature_snapshot': {'mean_rms': 0.040539, 'mean_zcr': 0.0, 'stable_ratio': 1.0, 'voiced_ratio': 1.0, 'mean_breath_score': 0.0, 'breath_hint_ratio': 0.0, 'mix_prob': 0.568642, 'mix_threshold': 0.425}}","{'voice_features': {'duration': 0.72, 'confidence': 0.59206, 'strength': 0.566978, 'probability_margin': 0.18412, 'chest_prob': 0.40794, 'falsetto_prob': 0.59206, 'voiced_ratio': 1.0, 'mean_pitch_hz': 222.758286, 'mean_rms': 0.040539, 'mean_zcr': 0.0, 'stable_ratio': 1.0, 'mean_breath_score': 0.0, 'breath_hint_ratio': 0.0, 'learned_mix_prob': 0.568642, 'learned_mix_threshold': 0.425, 'learned_mix_margin': 0.143642}, 'supports': {'heuristic_mix_support': 0.5397, 'learned_mix_support': 0.627719, 'mix_support': 0.599553, 'pitch_support': 0.055471, 'stable_support': 1.0, 'voiced_support': 1.0, 'breathiness': 0.0, 'head_bias': 0.72824, 'chest_bias': 0.0, 'weak_mix_support': 0.627719, 'weak_mix_support_floor': 0.2, 'weak_mix_pitch_floor': 180.0}, 'released_flags': {'pure_learned_head_mix': False, 'marginal_head_mix': False, 'released_high_pitch_head_mix': False, 'released_near_threshold_high_pitch_head_mix': False, 'released_ultra_high_pitch_head_mix': False, 'released_high_energy_midhigh_head_mix': False, 'released_supported_low_pitch_head_mix': False, 'released_lowmid_near_threshold_head_mix': False, 'released_midhigh_near_threshold_head_mix': False, 'released_ultrahigh_bright_head_point_mix': False, 'released_midchest_near_threshold_head_mix': False, 'released_low_energy_midhigh_head_mix': False, 'released_sustained_highpitch_marginal_head_mix': False, 'released_midpitch_lowchest_pure_head_mix': False, 'released_short_lowpitch_marginal_head_mix': False, 'released_underpowered_short_lowpitch_head_mix': False, 'underpowered_low_pitch_head_mix': False, 'borderline_low_mid_pitch_head_mix': False}, 'subtype_eval': {'candidate_subtype': 'weak_mix', 'candidate_subtype_conf': 0.608125, 'candidate_subtype_mix_support': 0.627719, 'strong_requires_threshold_block': False}, 'blockers': ['passes_rule_core']}","{'event_type': 'strong_mix', 'subtype': 'strong_mix', 'base_voice_type': 'chest', 'start_time': 3.6, 'end_time': 4.0, 'confidence': 0.74972, 'strength': 0.691895, 'feature_snapshot': {'mix_support': 0.810056, 'learned_mix_margin': 0.209295, 'heuristic_mix_support': 0.865349, 'learned_mix_support': 0.784036, 'breathiness': 0.0, 'head_bias': 0.252279, 'chest_bias': 0.467721, 'pure_learned_head_mix': False, 'marginal_head_mix': False, 'released_high_pitch_head_mix': False, 'released_near_threshold_high_pitch_head_mix': False, 'released_ultra_high_pitch_head_mix': False, 'released_low_energy_midhigh_head_mix': False, 'released_sustained_highpitch_marginal_head_mix': False, 'released_midpitch_lowchest_pure_head_mix': False, 'released_short_lowpitch_marginal_head_mix': False, 'released_underpowered_short_lowpitch_head_mix': False, 'underpowered_low_pitch_head_mix': False, 'borderline_low_mid_pitch_head_mix': False, 'weak_mix_support_floor': 0.28, 'weak_mix_pitch_floor': 230.0, 'mix_prob': 0.634295, 'mix_threshold': 0.425, 'mean_pitch_hz': 217.111267}}","{'model_ready': True, 'candidate_windows': 54, 'predicted_windows': 54, 'accepted_windows': 44, 'context_adjusted_windows': 2, 'relaxed_used': False, 'reason': '', 'backend': 'external_python'}",passes_rule_core,passes_rule_core,,weak_mix,0.608125,0.599553,0.72824,0.627719,222.758286,0.568642,0.143642,falsetto,strong_mix,strong_mix,chest
Chinese#ZH-Alto-1#Breathy#成都#Control_Group#0008,Control_Group,成都,ZH-Alto-1,control_negative,false_positive,,2,1,1,0.137858,"{'event_type': 'falsetto', 'start_time': 6.88, 'end_time': 8.16, 'confidence': 0.640168, 'strength': 0.701268, 'voice_type': 'falsetto', 'mean_pitch_hz': 257.282501, 'chest_prob': 0.359832, 'falsetto_prob': 0.640168, 'mix_prob': 0.562858, 'mix_threshold': 0.425, 'feature_snapshot': {'mean_rms': 0.0528, 'mean_zcr': 0.0, 'stable_ratio': 1.0, 'voiced_ratio': 1.0, 'mean_breath_score': 0.0, 'breath_hint_ratio': 0.0, 'mix_prob': 0.562858, 'mix_threshold': 0.425}}","{'voice_features': {'duration': 1.28, 'confidence': 0.640168, 'strength': 0.701268, 'probability_margin': 0.280336, 'chest_prob': 0.359832, 'falsetto_prob': 0.640168, 'voiced_ratio': 1.0, 'mean_pitch_hz': 257.282501, 'mean_rms': 0.0528, 'mean_zcr': 0.0, 'stable_ratio': 1.0, 'mean_breath_score': 0.0, 'breath_hint_ratio': 0.0, 'learned_mix_prob': 0.562858, 'learned_mix_threshold': 0.425, 'learned_mix_margin': 0.137858}, 'supports': {'heuristic_mix_support': 0.29916, 'learned_mix_support': 0.613948, 'mix_support': 0.513216, 'pitch_support': 0.205576, 'stable_support': 1.0, 'voiced_support': 1.0, 'breathiness': 0.0, 'head_bias': 0.920672, 'chest_bias': 0.0, 'weak_mix_support': 0.613948, 'weak_mix_support_floor': 0.2, 'weak_mix_pitch_floor': 180.0}, 'released_flags': {'pure_learned_head_mix': False, 'marginal_head_mix': False, 'released_high_pitch_head_mix': False, 'released_near_threshold_high_pitch_head_mix': False, 'released_ultra_high_pitch_head_mix': False, 'released_high_energy_midhigh_head_mix': False, 'released_supported_low_pitch_head_mix': False, 'released_lowmid_near_threshold_head_mix': False, 'released_midhigh_near_threshold_head_mix': False, 'released_ultrahigh_bright_head_point_mix': False, 'released_midchest_near_threshold_head_mix': False, 'released_low_energy_midhigh_head_mix': False, 'released_sustained_highpitch_marginal_head_mix': False, 'released_midpitch_lowchest_pure_head_mix': False, 'released_short_lowpitch_marginal_head_mix': False, 'released_underpowered_short_lowpitch_head_mix': False, 'underpowered_low_pitch_head_mix': False, 'borderline_low_mid_pitch_head_mix': False}, 'subtype_eval': {'candidate_subtype': 'weak_mix', 'candidate_subtype_conf': 0.679416, 'candidate_subtype_mix_support': 0.613948, 'strong_requires_threshold_block': False}, 'blockers': ['passes_rule_core']}","{'event_type': 'strong_mix', 'subtype': 'strong_mix', 'base_voice_type': 'chest', 'start_time': 6.4, 'end_time': 6.88, 'confidence': 0.687064, 'strength': 0.611369, 'feature_snapshot': {'mix_support': 0.625842, 'learned_mix_margin': 0.095496, 'heuristic_mix_support': 0.865449, 'learned_mix_support': 0.513086, 'breathiness': 0.0, 'head_bias': 0.252359, 'chest_bias': 0.467641, 'pure_learned_head_mix': False, 'marginal_head_mix': False, 'released_high_pitch_head_mix': False, 'released_near_threshold_high_pitch_head_mix': False, 'released_ultra_high_pitch_head_mix': False, 'released_low_energy_midhigh_head_mix': False, 'released_sustained_highpitch_marginal_head_mix': False, 'released_midpitch_lowchest_pure_head_mix': False, 'released_short_lowpitch_marginal_head_mix': False, 'released_underpowered_short_lowpitch_head_mix': False, 'underpowered_low_pitch_head_mix': False, 'borderline_low_mid_pitch_head_mix': False, 'weak_mix_support_floor': 0.28, 'weak_mix_pitch_floor': 230.0, 'mix_prob': 0.520496, 'mix_threshold': 0.425, 'mean_pitch_hz': 232.642899}}","{'model_ready': True, 'candidate_windows': 52, 'predicted_windows': 52, 'accepted_windows': 45, 'context_adjusted_windows': 1, 'relaxed_used': False, 'reason': '', 'backend': 'external_python'}",passes_rule_core,passes_rule_core,,weak_mix,0.679416,0.513216,0.920672,0.613948,257.282501,0.562858,0.137858,falsetto,strong_mix,strong_mix,chest
Chinese#ZH-Alto-1#Breathy#成都#Control_Group#0005,Control_Group,成都,ZH-Alto-1,control_negative,false_positive,,2,0,2,0.131945,"{'event_type': 'chest_voice', 'start_time': 2.24, 'end_time': 2.48, 'confidence': 0.543492, 'strength': 0.431406, 'voice_type': 'chest', 'mean_pitch_hz': 262.322968, 'chest_prob': 0.543492, 'falsetto_prob': 0.456508, 'mix_prob': 0.556945, 'mix_threshold': 0.425, 'feature_snapshot': {'mean_rms': 0.055434, 'mean_zcr': 0.0, 'stable_ratio': 1.0, 'voiced_ratio': 1.0, 'mean_breath_score': 0.0, 'breath_hint_ratio': 0.0, 'mix_prob': 0.556945, 'mix_threshold': 0.425}}","{'voice_features': {'duration': 0.24, 'confidence': 0.543492, 'strength': 0.431406, 'probability_margin': 0.086984, 'chest_prob': 0.543492, 'falsetto_prob': 0.456508, 'voiced_ratio': 1.0, 'mean_pitch_hz': 262.322968, 'mean_rms': 0.055434, 'mean_zcr': 0.0, 'stable_ratio': 1.0, 'mean_breath_score': 0.0, 'breath_hint_ratio': 0.0, 'learned_mix_prob': 0.556945, 'learned_mix_threshold': 0.425, 'learned_mix_margin': 0.131945}, 'supports': {'heuristic_mix_support': 0.78254, 'learned_mix_support': 0.599869, 'mix_support': 0.658324, 'pitch_support': 0.227491, 'stable_support': 1.0, 'voiced_support': 1.0, 'breathiness': 0.0, 'head_bias': 0.186032, 'chest_bias': 0.533968, 'weak_mix_support': 0.658324, 'weak_mix_support_floor': 0.28, 'weak_mix_pitch_floor': 230.0}, 'released_flags': {'pure_learned_head_mix': False, 'marginal_head_mix': False, 'released_high_pitch_head_mix': False, 'released_near_threshold_high_pitch_head_mix': False, 'released_ultra_high_pitch_head_mix': False, 'released_high_energy_midhigh_head_mix': False, 'released_supported_low_pitch_head_mix': False, 'released_lowmid_near_threshold_head_mix': False, 'released_midhigh_near_threshold_head_mix': False, 'released_ultrahigh_bright_head_point_mix': False, 'released_midchest_near_threshold_head_mix': False, 'released_low_energy_midhigh_head_mix': False, 'released_sustained_highpitch_marginal_head_mix': False, 'released_midpitch_lowchest_pure_head_mix': False, 'released_short_lowpitch_marginal_head_mix': False, 'released_underpowered_short_lowpitch_head_mix': False, 'underpowered_low_pitch_head_mix': False, 'borderline_low_mid_pitch_head_mix': False}, 'subtype_eval': {'candidate_subtype': 'strong_mix', 'candidate_subtype_conf': 0.717011, 'candidate_subtype_mix_support': 0.658324, 'strong_requires_threshold_block': False}, 'blockers': ['passes_rule_core']}","{'event_type': 'strong_mix', 'subtype': 'strong_mix', 'base_voice_type': 'chest', 'start_time': 5.2, 'end_time': 5.52, 'confidence': 0.71667, 'strength': 0.649076, 'feature_snapshot': {'mix_support': 0.708785, 'learned_mix_margin': 0.147943, 'heuristic_mix_support': 0.859286, 'learned_mix_support': 0.637961, 'breathiness': 0.0, 'head_bias': 0.247429, 'chest_bias': 0.472571, 'pure_learned_head_mix': False, 'marginal_head_mix': False, 'released_high_pitch_head_mix': False, 'released_near_threshold_high_pitch_head_mix': False, 'released_ultra_high_pitch_head_mix': False, 'released_low_energy_midhigh_head_mix': False, 'released_sustained_highpitch_marginal_head_mix': False, 'released_midpitch_lowchest_pure_head_mix': False, 'released_short_lowpitch_marginal_head_mix': False, 'released_underpowered_short_lowpitch_head_mix': False, 'underpowered_low_pitch_head_mix': False, 'borderline_low_mid_pitch_head_mix': False, 'weak_mix_support_floor': 0.28, 'weak_mix_pitch_floor': 230.0, 'mix_prob': 0.572943, 'mix_threshold': 0.425, 'mean_pitch_hz': 213.042404}}","{'model_ready': True, 'candidate_windows': 51, 'predicted_windows': 51, 'accepted_windows': 45, 'context_adjusted_windows': 6, 'relaxed_used': False, 'reason': '', 'backend': 'external_python'}",passes_rule_core,passes_rule_core,,strong_mix,0.717011,0.658324,0.186032,0.658324,262.322968,0.556945,0.131945,chest_voice,strong_mix,strong_mix,chest
Chinese#ZH-Alto-1#Vibrato#我喜欢上你时的内心活动#Control_Group#0005,Control_Group,我喜欢上你时的内心活动,ZH-Alto-1,control_negative,false_positive,,3,2,1,0.131625,"{'event_type': 'falsetto', 'start_time': 0.0, 'end_time': 2.88, 'confidence': 0.815563, 'strength': 0.885649, 'voice_type': 'falsetto', 'mean_pitch_hz': 233.086243, 'chest_prob': 0.254345, 'falsetto_prob': 0.815563, 'mix_prob': 0.556625, 'mix_threshold': 0.425, 'feature_snapshot': {'mean_rms': 0.046198, 'mean_zcr': 0.0, 'stable_ratio': 1.0, 'voiced_ratio': 1.0, 'mean_breath_score': 0.0, 'breath_hint_ratio': 0.0, 'mix_prob': 0.556625, 'mix_threshold': 0.425}}","{'voice_features': {'duration': 2.88, 'confidence': 0.815563, 'strength': 0.885649, 'probability_margin': 0.561218, 'chest_prob': 0.254345, 'falsetto_prob': 0.815563, 'voiced_ratio': 1.0, 'mean_pitch_hz': 233.086243, 'mean_rms': 0.046198, 'mean_zcr': 0.0, 'stable_ratio': 1.0, 'mean_breath_score': 0.0, 'breath_hint_ratio': 0.0, 'learned_mix_prob': 0.556625, 'learned_mix_threshold': 0.425, 'learned_mix_margin': 0.131625}, 'supports': {'heuristic_mix_support': 0.0, 'learned_mix_support': 0.599107, 'mix_support': 0.407393, 'pitch_support': 0.100375, 'stable_support': 1.0, 'voiced_support': 1.0, 'breathiness': 0.0, 'head_bias': 1.0, 'chest_bias': 0.0, 'weak_mix_support': 0.599107, 'weak_mix_support_floor': 0.2, 'weak_mix_pitch_floor': 180.0}, 'released_flags': {'pure_learned_head_mix': True, 'marginal_head_mix': False, 'released_high_pitch_head_mix': False, 'released_near_threshold_high_pitch_head_mix': False, 'released_ultra_high_pitch_head_mix': False, 'released_high_energy_midhigh_head_mix': False, 'released_supported_low_pitch_head_mix': False, 'released_lowmid_near_threshold_head_mix': False, 'released_midhigh_near_threshold_head_mix': False, 'released_ultrahigh_bright_head_point_mix': False, 'released_midchest_near_threshold_head_mix': False, 'released_low_energy_midhigh_head_mix': False, 'released_sustained_highpitch_marginal_head_mix': False, 'released_midpitch_lowchest_pure_head_mix': False, 'released_short_lowpitch_marginal_head_mix': False, 'released_underpowered_short_lowpitch_head_mix': False, 'underpowered_low_pitch_head_mix': False, 'borderline_low_mid_pitch_head_mix': False}, 'subtype_eval': {'candidate_subtype': 'weak_mix', 'candidate_subtype_conf': 0.697624, 'candidate_subtype_mix_support': 0.599107, 'strong_requires_threshold_block': False}, 'blockers': ['reject_pure_head_low_pitch']}","{'event_type': 'strong_mix', 'subtype': 'strong_mix', 'base_voice_type': 'chest', 'start_time': 7.36, 'end_time': 8.0, 'confidence': 0.734787, 'strength': 0.672581, 'feature_snapshot': {'mix_support': 0.764694, 'learned_mix_margin': 0.181702, 'heuristic_mix_support': 0.863197, 'learned_mix_support': 0.718339, 'breathiness': 0.0, 'head_bias': 0.250558, 'chest_bias': 0.469442, 'pure_learned_head_mix': False, 'marginal_head_mix': False, 'released_high_pitch_head_mix': False, 'released_near_threshold_high_pitch_head_mix': False, 'released_ultra_high_pitch_head_mix': False, 'released_low_energy_midhigh_head_mix': False, 'released_sustained_highpitch_marginal_head_mix': False, 'released_midpitch_lowchest_pure_head_mix': False, 'released_short_lowpitch_marginal_head_mix': False, 'released_underpowered_short_lowpitch_head_mix': False, 'underpowered_low_pitch_head_mix': False, 'borderline_low_mid_pitch_head_mix': False, 'weak_mix_support_floor': 0.28, 'weak_mix_pitch_floor': 230.0, 'mix_prob': 0.606702, 'mix_threshold': 0.425, 'mean_pitch_hz': 213.602234}}","{'model_ready': True, 'candidate_windows': 44, 'predicted_windows': 44, 'accepted_windows': 36, 'context_adjusted_windows': 2, 'relaxed_used': False, 'reason': '', 'backend': 'external_python'}",reject_pure_head_low_pitch,reject_pure_head_low_pitch,pure_learned_head_mix,weak_mix,0.697624,0.407393,1.0,0.599107,233.086243,0.556625,0.131625,falsetto,strong_mix,strong_mix,chest
Chinese#ZH-Alto-1#Pharyngeal#我好想你#Control_Group#0010,Control_Group,我好想你,ZH-Alto-1,control_negative,false_positive,,1,1,0,0.130028,"{'event_type': 'falsetto', 'start_time': 0.0, 'end_time': 9.490023, 'confidence': 0.97273, 'strength': 0.983092, 'voice_type': 'falsetto', 'mean_pitch_hz': 577.448975, 'chest_prob': 0.02727, 'falsetto_prob': 0.97273, 'mix_prob': 0.555028, 'mix_threshold': 0.425, 'feature_snapshot': {'mean_rms': 0.181055, 'mean_zcr': 0.0, 'stable_ratio': 1.0, 'voiced_ratio': 1.0, 'mean_breath_score': 0.0, 'breath_hint_ratio': 0.0, 'mix_prob': 0.555028, 'mix_threshold': 0.425}}","{'voice_features': {'duration': 9.490023, 'confidence': 0.97273, 'strength': 0.983092, 'probability_margin': 0.94546, 'chest_prob': 0.02727, 'falsetto_prob': 0.97273, 'voiced_ratio': 1.0, 'mean_pitch_hz': 577.448975, 'mean_rms': 0.181055, 'mean_zcr': 0.0, 'stable_ratio': 1.0, 'mean_breath_score': 0.0, 'breath_hint_ratio': 0.0, 'learned_mix_prob': 0.555028, 'learned_mix_threshold': 0.425, 'learned_mix_margin': 0.130028}, 'supports': {'heuristic_mix_support': 0.0, 'learned_mix_support': 0.595305, 'mix_support': 0.404807, 'pitch_support': 1.0, 'stable_support': 1.0, 'voiced_support': 1.0, 'breathiness': 0.0, 'head_bias': 1.0, 'chest_bias': 0.0, 'weak_mix_support': 0.595305, 'weak_mix_support_floor': 0.2, 'weak_mix_pitch_floor': 180.0}, 'released_flags': {'pure_learned_head_mix': True, 'marginal_head_mix': False, 'released_high_pitch_head_mix': False, 'released_near_threshold_high_pitch_head_mix': False, 'released_ultra_high_pitch_head_mix': False, 'released_high_energy_midhigh_head_mix': False, 'released_supported_low_pitch_head_mix': False, 'released_lowmid_near_threshold_head_mix': False, 'released_midhigh_near_threshold_head_mix': False, 'released_ultrahigh_bright_head_point_mix': False, 'released_midchest_near_threshold_head_mix': False, 'released_low_energy_midhigh_head_mix': False, 'released_sustained_highpitch_marginal_head_mix': False, 'released_midpitch_lowchest_pure_head_mix': False, 'released_short_lowpitch_marginal_head_mix': False, 'released_underpowered_short_lowpitch_head_mix': False, 'underpowered_low_pitch_head_mix': False, 'borderline_low_mid_pitch_head_mix': False}, 'subtype_eval': {'candidate_subtype': 'weak_mix', 'candidate_subtype_conf': 0.859131, 'candidate_subtype_mix_support': 0.595305, 'strong_requires_threshold_block': False}, 'blockers': ['passes_rule_core']}","{'event_type': 'weak_mix', 'subtype': 'weak_mix', 'base_voice_type': 'falsetto', 'start_time': 0.0, 'end_time': 9.490023, 'confidence': 0.859131, 'strength': 0.817966, 'feature_snapshot': {'mix_support': 0.595304, 'learned_mix_margin': 0.130028, 'heuristic_mix_support': 0.0, 'learned_mix_support': 0.595304, 'breathiness': 0.0, 'head_bias': 1.0, 'chest_bias': 0.0, 'pure_learned_head_mix': True, 'marginal_head_mix': False, 'released_high_pitch_head_mix': False, 'released_near_threshold_high_pitch_head_mix': False, 'released_ultra_high_pitch_head_mix': False, 'released_low_energy_midhigh_head_mix': False, 'released_sustained_highpitch_marginal_head_mix': False, 'released_midpitch_lowchest_pure_head_mix': False, 'released_short_lowpitch_marginal_head_mix': False, 'released_underpowered_short_lowpitch_head_mix': False, 'underpowered_low_pitch_head_mix': False, 'borderline_low_mid_pitch_head_mix': False, 'weak_mix_support_floor': 0.2, 'weak_mix_pitch_floor': 180.0, 'mix_prob': 0.555028, 'mix_threshold': 0.425, 'mean_pitch_hz': 577.448975}}","{'model_ready': True, 'candidate_windows': 57, 'predicted_windows': 57, 'accepted_windows': 57, 'context_adjusted_windows': 0, 'relaxed_used': False, 'reason': '', 'backend': 'external_python'}",passes_rule_core,passes_rule_core,pure_learned_head_mix,weak_mix,0.859131,0.404807,1.0,0.595305,577.448975,0.555028,0.130028,falsetto,weak_mix,weak_mix,falsetto
Chinese#ZH-Alto-1#Pharyngeal#我好想你#Control_Group#0008,Control_Group,我好想你,ZH-Alto-1,control_negative,false_positive,,1,1,0,0.12847,"{'event_type': 'falsetto', 'start_time': 0.0, 'end_time': 6.890023, 'confidence': 0.966432, 'strength': 0.979188, 'voice_type': 'falsetto', 'mean_pitch_hz': 506.100372, 'chest_prob': 0.033568, 'falsetto_prob': 0.966432, 'mix_prob': 0.55347, 'mix_threshold': 0.425, 'feature_snapshot': {'mean_rms': 0.149059, 'mean_zcr': 0.0, 'stable_ratio': 1.0, 'voiced_ratio': 1.0, 'mean_breath_score': 0.0, 'breath_hint_ratio': 0.0, 'mix_prob': 0.55347, 'mix_threshold': 0.425}}","{'voice_features': {'duration': 6.890023, 'confidence': 0.966432, 'strength': 0.979188, 'probability_margin': 0.932864, 'chest_prob': 0.033568, 'falsetto_prob': 0.966432, 'voiced_ratio': 1.0, 'mean_pitch_hz': 506.100372, 'mean_rms': 0.149059, 'mean_zcr': 0.0, 'stable_ratio': 1.0, 'mean_breath_score': 0.0, 'breath_hint_ratio': 0.0, 'learned_mix_prob': 0.55347, 'learned_mix_threshold': 0.425, 'learned_mix_margin': 0.12847}, 'supports': {'heuristic_mix_support': 0.0, 'learned_mix_support': 0.591595, 'mix_support': 0.402285, 'pitch_support': 1.0, 'stable_support': 1.0, 'voiced_support': 1.0, 'breathiness': 0.0, 'head_bias': 1.0, 'chest_bias': 0.0, 'weak_mix_support': 0.591595, 'weak_mix_support_floor': 0.2, 'weak_mix_pitch_floor': 180.0}, 'released_flags': {'pure_learned_head_mix': True, 'marginal_head_mix': False, 'released_high_pitch_head_mix': False, 'released_near_threshold_high_pitch_head_mix': False, 'released_ultra_high_pitch_head_mix': False, 'released_high_energy_midhigh_head_mix': False, 'released_supported_low_pitch_head_mix': False, 'released_lowmid_near_threshold_head_mix': False, 'released_midhigh_near_threshold_head_mix': False, 'released_ultrahigh_bright_head_point_mix': False, 'released_midchest_near_threshold_head_mix': False, 'released_low_energy_midhigh_head_mix': False, 'released_sustained_highpitch_marginal_head_mix': False, 'released_midpitch_lowchest_pure_head_mix': False, 'released_short_lowpitch_marginal_head_mix': False, 'released_underpowered_short_lowpitch_head_mix': False, 'underpowered_low_pitch_head_mix': False, 'borderline_low_mid_pitch_head_mix': False}, 'subtype_eval': {'candidate_subtype': 'weak_mix', 'candidate_subtype_conf': 0.857114, 'candidate_subtype_mix_support': 0.591595, 'strong_requires_threshold_block': False}, 'blockers': ['passes_rule_core']}","{'event_type': 'weak_mix', 'subtype': 'weak_mix', 'base_voice_type': 'falsetto', 'start_time': 0.0, 'end_time': 6.890023, 'confidence': 0.857114, 'strength': 0.815149, 'feature_snapshot': {'mix_support': 0.591595, 'learned_mix_margin': 0.12847, 'heuristic_mix_support': 0.0, 'learned_mix_support': 0.591595, 'breathiness': 0.0, 'head_bias': 1.0, 'chest_bias': 0.0, 'pure_learned_head_mix': True, 'marginal_head_mix': False, 'released_high_pitch_head_mix': False, 'released_near_threshold_high_pitch_head_mix': False, 'released_ultra_high_pitch_head_mix': False, 'released_low_energy_midhigh_head_mix': False, 'released_sustained_highpitch_marginal_head_mix': False, 'released_midpitch_lowchest_pure_head_mix': False, 'released_short_lowpitch_marginal_head_mix': False, 'released_underpowered_short_lowpitch_head_mix': False, 'underpowered_low_pitch_head_mix': False, 'borderline_low_mid_pitch_head_mix': False, 'weak_mix_support_floor': 0.2, 'weak_mix_pitch_floor': 180.0, 'mix_prob': 0.55347, 'mix_threshold': 0.425, 'mean_pitch_hz': 506.100372}}","{'model_ready': True, 'candidate_windows': 41, 'predicted_windows': 41, 'accepted_windows': 41, 'context_adjusted_windows': 0, 'relaxed_used': False, 'reason': '', 'backend': 'external_python'}",passes_rule_core,passes_rule_core,pure_learned_head_mix,weak_mix,0.857114,0.402285,1.0,0.591595,506.100372,0.55347,0.12847,falsetto,weak_mix,weak_mix,falsetto
Chinese#ZH-Alto-1#Vibrato#好久不见#Control_Group#0002,Control_Group,好久不见,ZH-Alto-1,control_negative,false_positive,,1,1,0,0.114964,"{'event_type': 'falsetto', 'start_time': 6.24, 'end_time': 11.2, 'confidence': 0.802564, 'strength': 0.87759, 'voice_type': 'falsetto', 'mean_pitch_hz': 311.126617, 'chest_prob': 0.223662, 'falsetto_prob': 0.802564, 'mix_prob': 0.539964, 'mix_threshold': 0.425, 'feature_snapshot': {'mean_rms': 0.041763, 'mean_zcr': 0.0, 'stable_ratio': 1.0, 'voiced_ratio': 1.0, 'mean_breath_score': 0.0, 'breath_hint_ratio': 0.0, 'mix_prob': 0.539964, 'mix_threshold': 0.425}}","{'voice_features': {'duration': 4.96, 'confidence': 0.802564, 'strength': 0.87759, 'probability_margin': 0.578902, 'chest_prob': 0.223662, 'falsetto_prob': 0.802564, 'voiced_ratio': 1.0, 'mean_pitch_hz': 311.126617, 'mean_rms': 0.041763, 'mean_zcr': 0.0, 'stable_ratio': 1.0, 'mean_breath_score': 0.0, 'breath_hint_ratio': 0.0, 'learned_mix_prob': 0.539964, 'learned_mix_threshold': 0.425, 'learned_mix_margin': 0.114964}, 'supports': {'heuristic_mix_support': 0.0, 'learned_mix_support': 0.559438, 'mix_support': 0.380418, 'pitch_support': 0.439681, 'stable_support': 1.0, 'voiced_support': 1.0, 'breathiness': 0.0, 'head_bias': 1.0, 'chest_bias': 0.0, 'weak_mix_support': 0.559438, 'weak_mix_support_floor': 0.2, 'weak_mix_pitch_floor': 180.0}, 'released_flags': {'pure_learned_head_mix': True, 'marginal_head_mix': False, 'released_high_pitch_head_mix': False, 'released_near_threshold_high_pitch_head_mix': False, 'released_ultra_high_pitch_head_mix': False, 'released_high_energy_midhigh_head_mix': False, 'released_supported_low_pitch_head_mix': False, 'released_lowmid_near_threshold_head_mix': False, 'released_midhigh_near_threshold_head_mix': False, 'released_ultrahigh_bright_head_point_mix': False, 'released_midchest_near_threshold_head_mix': False, 'released_low_energy_midhigh_head_mix': False, 'released_sustained_highpitch_marginal_head_mix': False, 'released_midpitch_lowchest_pure_head_mix': False, 'released_short_lowpitch_marginal_head_mix': False, 'released_underpowered_short_lowpitch_head_mix': False, 'underpowered_low_pitch_head_mix': False, 'borderline_low_mid_pitch_head_mix': False}, 'subtype_eval': {'candidate_subtype': 'weak_mix', 'candidate_subtype_conf': 0.736866, 'candidate_subtype_mix_support': 0.559438, 'strong_requires_threshold_block': False}, 'blockers': ['reject_pure_head_low_pitch']}","{'event_type': 'weak_mix', 'subtype': 'weak_mix', 'base_voice_type': 'falsetto', 'start_time': 0.0, 'end_time': 2.56, 'confidence': 0.647514, 'strength': 0.647333, 'feature_snapshot': {'mix_support': 0.598181, 'learned_mix_margin': 0.131236, 'heuristic_mix_support': 0.286609, 'learned_mix_support': 0.598181, 'breathiness': 0.0, 'head_bias': 0.930713, 'chest_bias': 0.0, 'pure_learned_head_mix': False, 'marginal_head_mix': False, 'released_high_pitch_head_mix': False, 'released_near_threshold_high_pitch_head_mix': False, 'released_ultra_high_pitch_head_mix': False, 'released_low_energy_midhigh_head_mix': False, 'released_sustained_highpitch_marginal_head_mix': False, 'released_midpitch_lowchest_pure_head_mix': False, 'released_short_lowpitch_marginal_head_mix': False, 'released_underpowered_short_lowpitch_head_mix': False, 'underpowered_low_pitch_head_mix': False, 'borderline_low_mid_pitch_head_mix': False, 'weak_mix_support_floor': 0.2, 'weak_mix_pitch_floor': 180.0, 'mix_prob': 0.556236, 'mix_threshold': 0.425, 'mean_pitch_hz': 215.232071}}","{'model_ready': True, 'candidate_windows': 63, 'predicted_windows': 63, 'accepted_windows': 58, 'context_adjusted_windows': 1, 'relaxed_used': False, 'reason': '', 'backend': 'external_python'}",reject_pure_head_low_pitch,reject_pure_head_low_pitch,pure_learned_head_mix,weak_mix,0.736866,0.380418,1.0,0.559438,311.126617,0.539964,0.114964,falsetto,weak_mix,weak_mix,falsetto
Chinese#ZH-Alto-1#Vibrato#大鱼#Control_Group#0007,Control_Group,大鱼,ZH-Alto-1,control_negative,false_positive,,1,0,1,0.107241,"{'event_type': 'falsetto', 'start_time': 0.0, 'end_time': 4.08, 'confidence': 0.882805, 'strength': 0.927339, 'voice_type': 'falsetto', 'mean_pitch_hz': 386.799316, 'chest_prob': 0.17904, 'falsetto_prob': 0.882805, 'mix_prob': 0.532241, 'mix_threshold': 0.425, 'feature_snapshot': {'mean_rms': 0.041951, 'mean_zcr': 0.0, 'stable_ratio': 1.0, 'voiced_ratio': 1.0, 'mean_breath_score': 0.0, 'breath_hint_ratio': 0.0, 'mix_prob': 0.532241, 'mix_threshold': 0.425}}","{'voice_features': {'duration': 4.08, 'confidence': 0.882805, 'strength': 0.927339, 'probability_margin': 0.703765, 'chest_prob': 0.17904, 'falsetto_prob': 0.882805, 'voiced_ratio': 1.0, 'mean_pitch_hz': 386.799316, 'mean_rms': 0.041951, 'mean_zcr': 0.0, 'stable_ratio': 1.0, 'mean_breath_score': 0.0, 'breath_hint_ratio': 0.0, 'learned_mix_prob': 0.532241, 'learned_mix_threshold': 0.425, 'learned_mix_margin': 0.107241}, 'supports': {'heuristic_mix_support': 0.0, 'learned_mix_support': 0.54105, 'mix_support': 0.367914, 'pitch_support': 0.768693, 'stable_support': 1.0, 'voiced_support': 1.0, 'breathiness': 0.0, 'head_bias': 1.0, 'chest_bias': 0.0, 'weak_mix_support': 0.54105, 'weak_mix_support_floor': 0.2, 'weak_mix_pitch_floor': 180.0}, 'released_flags': {'pure_learned_head_mix': True, 'marginal_head_mix': False, 'released_high_pitch_head_mix': False, 'released_near_threshold_high_pitch_head_mix': False, 'released_ultra_high_pitch_head_mix': False, 'released_high_energy_midhigh_head_mix': False, 'released_supported_low_pitch_head_mix': False, 'released_lowmid_near_threshold_head_mix': False, 'released_midhigh_near_threshold_head_mix': False, 'released_ultrahigh_bright_head_point_mix': False, 'released_midchest_near_threshold_head_mix': False, 'released_low_energy_midhigh_head_mix': False, 'released_sustained_highpitch_marginal_head_mix': False, 'released_midpitch_lowchest_pure_head_mix': False, 'released_short_lowpitch_marginal_head_mix': False, 'released_underpowered_short_lowpitch_head_mix': False, 'underpowered_low_pitch_head_mix': False, 'borderline_low_mid_pitch_head_mix': False}, 'subtype_eval': {'candidate_subtype': 'weak_mix', 'candidate_subtype_conf': 0.792884, 'candidate_subtype_mix_support': 0.54105, 'strong_requires_threshold_block': False}, 'blockers': ['reject_pure_head_low_pitch']}","{'event_type': 'strong_mix', 'subtype': 'strong_mix', 'base_voice_type': 'chest', 'start_time': 5.4, 'end_time': 6.04, 'confidence': 0.726307, 'strength': 0.661853, 'feature_snapshot': {'mix_support': 0.74181, 'learned_mix_margin': 0.166962, 'heuristic_mix_support': 0.866266, 'learned_mix_support': 0.683242, 'breathiness': 0.0, 'head_bias': 0.253013, 'chest_bias': 0.466987, 'pure_learned_head_mix': False, 'marginal_head_mix': False, 'released_high_pitch_head_mix': False, 'released_near_threshold_high_pitch_head_mix': False, 'released_ultra_high_pitch_head_mix': False, 'released_low_energy_midhigh_head_mix': False, 'released_sustained_highpitch_marginal_head_mix': False, 'released_midpitch_lowchest_pure_head_mix': False, 'released_short_lowpitch_marginal_head_mix': False, 'released_underpowered_short_lowpitch_head_mix': False, 'underpowered_low_pitch_head_mix': False, 'borderline_low_mid_pitch_head_mix': False, 'weak_mix_support_floor': 0.28, 'weak_mix_pitch_floor': 230.0, 'mix_prob': 0.591962, 'mix_threshold': 0.425, 'mean_pitch_hz': 182.820862}}","{'model_ready': True, 'candidate_windows': 35, 'predicted_windows': 35, 'accepted_windows': 26, 'context_adjusted_windows': 1, 'relaxed_used': False, 'reason': '', 'backend': 'external_python'}",reject_pure_head_low_pitch,reject_pure_head_low_pitch,pure_learned_head_mix,weak_mix,0.792884,0.367914,1.0,0.54105,386.799316,0.532241,0.107241,falsetto,strong_mix,strong_mix,chest
Chinese#ZH-Alto-1#Pharyngeal#听海#Control_Group#0002,Control_Group,听海,ZH-Alto-1,control_negative,false_positive,,1,1,0,0.101791,"{'event_type': 'falsetto', 'start_time': 0.0, 'end_time': 6.4, 'confidence': 0.960659, 'strength': 0.975608, 'voice_type': 'falsetto', 'mean_pitch_hz': 513.027588, 'chest_prob': 0.039341, 'falsetto_prob': 0.960659, 'mix_prob': 0.526791, 'mix_threshold': 0.425, 'feature_snapshot': {'mean_rms': 0.060595, 'mean_zcr': 0.0, 'stable_ratio': 1.0, 'voiced_ratio': 1.0, 'mean_breath_score': 0.0, 'breath_hint_ratio': 0.0, 'mix_prob': 0.526791, 'mix_threshold': 0.425}}","{'voice_features': {'duration': 6.4, 'confidence': 0.960659, 'strength': 0.975608, 'probability_margin': 0.921318, 'chest_prob': 0.039341, 'falsetto_prob': 0.960659, 'voiced_ratio': 1.0, 'mean_pitch_hz': 513.027588, 'mean_rms': 0.060595, 'mean_zcr': 0.0, 'stable_ratio': 1.0, 'mean_breath_score': 0.0, 'breath_hint_ratio': 0.0, 'learned_mix_prob': 0.526791, 'learned_mix_threshold': 0.425, 'learned_mix_margin': 0.101791}, 'supports': {'heuristic_mix_support': 0.0, 'learned_mix_support': 0.528074, 'mix_support': 0.35909, 'pitch_support': 1.0, 'stable_support': 1.0, 'voiced_support': 1.0, 'breathiness': 0.0, 'head_bias': 1.0, 'chest_bias': 0.0, 'weak_mix_support': 0.528074, 'weak_mix_support_floor': 0.2, 'weak_mix_pitch_floor': 180.0}, 'released_flags': {'pure_learned_head_mix': True, 'marginal_head_mix': False, 'released_high_pitch_head_mix': False, 'released_near_threshold_high_pitch_head_mix': False, 'released_ultra_high_pitch_head_mix': False, 'released_high_energy_midhigh_head_mix': False, 'released_supported_low_pitch_head_mix': False, 'released_lowmid_near_threshold_head_mix': False, 'released_midhigh_near_threshold_head_mix': False, 'released_ultrahigh_bright_head_point_mix': False, 'released_midchest_near_threshold_head_mix': False, 'released_low_energy_midhigh_head_mix': False, 'released_sustained_highpitch_marginal_head_mix': False, 'released_midpitch_lowchest_pure_head_mix': False, 'released_short_lowpitch_marginal_head_mix': False, 'released_underpowered_short_lowpitch_head_mix': False, 'underpowered_low_pitch_head_mix': False, 'borderline_low_mid_pitch_head_mix': False}, 'subtype_eval': {'candidate_subtype': 'weak_mix', 'candidate_subtype_conf': 0.834824, 'candidate_subtype_mix_support': 0.528074, 'strong_requires_threshold_block': False}, 'blockers': ['passes_rule_core']}","{'event_type': 'weak_mix', 'subtype': 'weak_mix', 'base_voice_type': 'falsetto', 'start_time': 0.0, 'end_time': 7.393061, 'confidence': 0.834824, 'strength': 0.786293, 'feature_snapshot': {'mix_support': 0.479352, 'learned_mix_margin': 0.081328, 'heuristic_mix_support': 0.0, 'learned_mix_support': 0.479352, 'breathiness': 0.0, 'head_bias': 1.0, 'chest_bias': 0.0, 'pure_learned_head_mix': True, 'marginal_head_mix': False, 'released_high_pitch_head_mix': False, 'released_near_threshold_high_pitch_head_mix': False, 'released_ultra_high_pitch_head_mix': False, 'released_low_energy_midhigh_head_mix': False, 'released_sustained_highpitch_marginal_head_mix': False, 'released_midpitch_lowchest_pure_head_mix': False, 'released_short_lowpitch_marginal_head_mix': False, 'released_underpowered_short_lowpitch_head_mix': False, 'underpowered_low_pitch_head_mix': False, 'borderline_low_mid_pitch_head_mix': False, 'weak_mix_support_floor': 0.2, 'weak_mix_pitch_floor': 180.0, 'mix_prob': 0.506328, 'mix_threshold': 0.425, 'mean_pitch_hz': 326.272797}}","{'model_ready': True, 'candidate_windows': 44, 'predicted_windows': 44, 'accepted_windows': 43, 'context_adjusted_windows': 0, 'relaxed_used': False, 'reason': '', 'backend': 'external_python'}",passes_rule_core,passes_rule_core,pure_learned_head_mix,weak_mix,0.834824,0.35909,1.0,0.528074,513.027588,0.526791,0.101791,falsetto,weak_mix,weak_mix,falsetto
Chinese#ZH-Alto-1#Pharyngeal#大鱼#Control_Group#0002,Control_Group,大鱼,ZH-Alto-1,control_negative,false_positive,,1,1,0,0.092289,"{'event_type': 'falsetto', 'start_time': 0.0, 'end_time': 7.350023, 'confidence': 0.948862, 'strength': 0.968295, 'voice_type': 'falsetto', 'mean_pitch_hz': 448.173737, 'chest_prob': 0.051138, 'falsetto_prob': 0.948862, 'mix_prob': 0.517289, 'mix_threshold': 0.425, 'feature_snapshot': {'mean_rms': 0.102943, 'mean_zcr': 0.0, 'stable_ratio': 1.0, 'voiced_ratio': 1.0, 'mean_breath_score': 0.0, 'breath_hint_ratio': 0.0, 'mix_prob': 0.517289, 'mix_threshold': 0.425}}","{'voice_features': {'duration': 7.350023, 'confidence': 0.948862, 'strength': 0.968295, 'probability_margin': 0.897724, 'chest_prob': 0.051138, 'falsetto_prob': 0.948862, 'voiced_ratio': 1.0, 'mean_pitch_hz': 448.173737, 'mean_rms': 0.102943, 'mean_zcr': 0.0, 'stable_ratio': 1.0, 'mean_breath_score': 0.0, 'breath_hint_ratio': 0.0, 'learned_mix_prob': 0.517289, 'learned_mix_threshold': 0.425, 'learned_mix_margin': 0.092289}, 'supports': {'heuristic_mix_support': 0.0, 'learned_mix_support': 0.50545, 'mix_support': 0.343706, 'pitch_support': 1.0, 'stable_support': 1.0, 'voiced_support': 1.0, 'breathiness': 0.0, 'head_bias': 1.0, 'chest_bias': 0.0, 'weak_mix_support': 0.50545, 'weak_mix_support_floor': 0.2, 'weak_mix_pitch_floor': 180.0}, 'released_flags': {'pure_learned_head_mix': True, 'marginal_head_mix': False, 'released_high_pitch_head_mix': False, 'released_near_threshold_high_pitch_head_mix': False, 'released_ultra_high_pitch_head_mix': False, 'released_high_energy_midhigh_head_mix': False, 'released_supported_low_pitch_head_mix': False, 'released_lowmid_near_threshold_head_mix': False, 'released_midhigh_near_threshold_head_mix': False, 'released_ultrahigh_bright_head_point_mix': False, 'released_midchest_near_threshold_head_mix': False, 'released_low_energy_midhigh_head_mix': False, 'released_sustained_highpitch_marginal_head_mix': False, 'released_midpitch_lowchest_pure_head_mix': False, 'released_short_lowpitch_marginal_head_mix': False, 'released_underpowered_short_lowpitch_head_mix': False, 'underpowered_low_pitch_head_mix': False, 'borderline_low_mid_pitch_head_mix': False}, 'subtype_eval': {'candidate_subtype': 'weak_mix', 'candidate_subtype_conf': 0.825716, 'candidate_subtype_mix_support': 0.50545, 'strong_requires_threshold_block': False}, 'blockers': ['passes_rule_core']}","{'event_type': 'weak_mix', 'subtype': 'weak_mix', 'base_voice_type': 'falsetto', 'start_time': 0.0, 'end_time': 7.350023, 'confidence': 0.825716, 'strength': 0.774165, 'feature_snapshot': {'mix_support': 0.50545, 'learned_mix_margin': 0.092289, 'heuristic_mix_support': 0.0, 'learned_mix_support': 0.50545, 'breathiness': 0.0, 'head_bias': 1.0, 'chest_bias': 0.0, 'pure_learned_head_mix': True, 'marginal_head_mix': False, 'released_high_pitch_head_mix': False, 'released_near_threshold_high_pitch_head_mix': False, 'released_ultra_high_pitch_head_mix': False, 'released_low_energy_midhigh_head_mix': False, 'released_sustained_highpitch_marginal_head_mix': False, 'released_midpitch_lowchest_pure_head_mix': False, 'released_short_lowpitch_marginal_head_mix': False, 'released_underpowered_short_lowpitch_head_mix': False, 'underpowered_low_pitch_head_mix': False, 'borderline_low_mid_pitch_head_mix': False, 'weak_mix_support_floor': 0.2, 'weak_mix_pitch_floor': 180.0, 'mix_prob': 0.517289, 'mix_threshold': 0.425, 'mean_pitch_hz': 448.173737}}","{'model_ready': True, 'candidate_windows': 43, 'predicted_windows': 43, 'accepted_windows': 43, 'context_adjusted_windows': 0, 'relaxed_used': False, 'reason': '', 'backend': 'external_python'}",passes_rule_core,passes_rule_core,pure_learned_head_mix,weak_mix,0.825716,0.343706,1.0,0.50545,448.173737,0.517289,0.092289,falsetto,weak_mix,weak_mix,falsetto
Chinese#ZH-Alto-1#Vibrato#安和桥#Control_Group#0005,Control_Group,安和桥,ZH-Alto-1,control_negative,false_positive,,1,1,0,0.088821,"{'event_type': 'falsetto', 'start_time': 0.0, 'end_time': 1.92, 'confidence': 0.640092, 'strength': 0.701056, 'voice_type': 'falsetto', 'mean_pitch_hz': 246.932053, 'chest_prob': 0.359908, 'falsetto_prob': 0.640092, 'mix_prob': 0.513821, 'mix_threshold': 0.425, 'feature_snapshot': {'mean_rms': 0.044931, 'mean_zcr': 0.0, 'stable_ratio': 1.0, 'voiced_ratio': 1.0, 'mean_breath_score': 0.0, 'breath_hint_ratio': 0.0, 'mix_prob': 0.513821, 'mix_threshold': 0.425}}","{'voice_features': {'duration': 1.92, 'confidence': 0.640092, 'strength': 0.701056, 'probability_margin': 0.280184, 'chest_prob': 0.359908, 'falsetto_prob': 0.640092, 'voiced_ratio': 1.0, 'mean_pitch_hz': 246.932053, 'mean_rms': 0.044931, 'mean_zcr': 0.0, 'stable_ratio': 1.0, 'mean_breath_score': 0.0, 'breath_hint_ratio': 0.0, 'learned_mix_prob': 0.513821, 'learned_mix_threshold': 0.425, 'learned_mix_margin': 0.088821}, 'supports': {'heuristic_mix_support': 0.29954, 'learned_mix_support': 0.497193, 'mix_support': 0.433944, 'pitch_support': 0.160574, 'stable_support': 1.0, 'voiced_support': 1.0, 'breathiness': 0.0, 'head_bias': 0.920368, 'chest_bias': 0.0, 'weak_mix_support': 0.497193, 'weak_mix_support_floor': 0.2, 'weak_mix_pitch_floor': 180.0}, 'released_flags': {'pure_learned_head_mix': False, 'marginal_head_mix': False, 'released_high_pitch_head_mix': False, 'released_near_threshold_high_pitch_head_mix': False, 'released_ultra_high_pitch_head_mix': False, 'released_high_energy_midhigh_head_mix': False, 'released_supported_low_pitch_head_mix': False, 'released_lowmid_near_threshold_head_mix': False, 'released_midhigh_near_threshold_head_mix': False, 'released_ultrahigh_bright_head_point_mix': False, 'released_midchest_near_threshold_head_mix': False, 'released_low_energy_midhigh_head_mix': False, 'released_sustained_highpitch_marginal_head_mix': False, 'released_midpitch_lowchest_pure_head_mix': False, 'released_short_lowpitch_marginal_head_mix': False, 'released_underpowered_short_lowpitch_head_mix': False, 'underpowered_low_pitch_head_mix': False, 'borderline_low_mid_pitch_head_mix': False}, 'subtype_eval': {'candidate_subtype': 'weak_mix', 'candidate_subtype_conf': 0.632437, 'candidate_subtype_mix_support': 0.497193, 'strong_requires_threshold_block': False}, 'blockers': ['passes_rule_core']}","{'event_type': 'weak_mix', 'subtype': 'weak_mix', 'base_voice_type': 'falsetto', 'start_time': 0.0, 'end_time': 1.92, 'confidence': 0.632436, 'strength': 0.612349, 'feature_snapshot': {'mix_support': 0.497192, 'learned_mix_margin': 0.088821, 'heuristic_mix_support': 0.299542, 'learned_mix_support': 0.497192, 'breathiness': 0.0, 'head_bias': 0.920366, 'chest_bias': 0.0, 'pure_learned_head_mix': False, 'marginal_head_mix': False, 'released_high_pitch_head_mix': False, 'released_near_threshold_high_pitch_head_mix': False, 'released_ultra_high_pitch_head_mix': False, 'released_low_energy_midhigh_head_mix': False, 'released_sustained_highpitch_marginal_head_mix': False, 'released_midpitch_lowchest_pure_head_mix': False, 'released_short_lowpitch_marginal_head_mix': False, 'released_underpowered_short_lowpitch_head_mix': False, 'underpowered_low_pitch_head_mix': False, 'borderline_low_mid_pitch_head_mix': False, 'weak_mix_support_floor': 0.2, 'weak_mix_pitch_floor': 180.0, 'mix_prob': 0.513821, 'mix_threshold': 0.425, 'mean_pitch_hz': 246.932053}}","{'model_ready': True, 'candidate_windows': 69, 'predicted_windows': 69, 'accepted_windows': 57, 'context_adjusted_windows': 9, 'relaxed_used': False, 'reason': '', 'backend': 'external_python'}",passes_rule_core,passes_rule_core,,weak_mix,0.632437,0.433944,0.920368,0.497193,246.932053,0.513821,0.088821,falsetto,weak_mix,weak_mix,falsetto
Chinese#ZH-Alto-1#Mixed_Voice_and_Falsetto#剑伤#Control_Group#0004,Control_Group,剑伤,ZH-Alto-1,control_negative,false_positive,,1,1,0,0.086241,"{'event_type': 'falsetto', 'start_time': 0.0, 'end_time': 7.468027, 'confidence': 0.922553, 'strength': 0.951983, 'voice_type': 'falsetto', 'mean_pitch_hz': 422.561066, 'chest_prob': 0.077447, 'falsetto_prob': 0.922553, 'mix_prob': 0.511241, 'mix_threshold': 0.425, 'feature_snapshot': {'mean_rms': 0.060984, 'mean_zcr': 0.0, 'stable_ratio': 1.0, 'voiced_ratio': 1.0, 'mean_breath_score': 0.0, 'breath_hint_ratio': 0.0, 'mix_prob': 0.511241, 'mix_threshold': 0.425}}","{'voice_features': {'duration': 7.468027, 'confidence': 0.922553, 'strength': 0.951983, 'probability_margin': 0.845106, 'chest_prob': 0.077447, 'falsetto_prob': 0.922553, 'voiced_ratio': 1.0, 'mean_pitch_hz': 422.561066, 'mean_rms': 0.060984, 'mean_zcr': 0.0, 'stable_ratio': 1.0, 'mean_breath_score': 0.0, 'breath_hint_ratio': 0.0, 'learned_mix_prob': 0.511241, 'learned_mix_threshold': 0.425, 'learned_mix_margin': 0.086241}, 'supports': {'heuristic_mix_support': 0.0, 'learned_mix_support': 0.49105, 'mix_support': 0.333914, 'pitch_support': 0.924179, 'stable_support': 1.0, 'voiced_support': 1.0, 'breathiness': 0.0, 'head_bias': 1.0, 'chest_bias': 0.0, 'weak_mix_support': 0.49105, 'weak_mix_support_floor': 0.2, 'weak_mix_pitch_floor': 180.0}, 'released_flags': {'pure_learned_head_mix': True, 'marginal_head_mix': False, 'released_high_pitch_head_mix': False, 'released_near_threshold_high_pitch_head_mix': False, 'released_ultra_high_pitch_head_mix': False, 'released_high_energy_midhigh_head_mix': False, 'released_supported_low_pitch_head_mix': False, 'released_lowmid_near_threshold_head_mix': False, 'released_midhigh_near_threshold_head_mix': False, 'released_ultrahigh_bright_head_point_mix': False, 'released_midchest_near_threshold_head_mix': False, 'released_low_energy_midhigh_head_mix': False, 'released_sustained_highpitch_marginal_head_mix': False, 'released_midpitch_lowchest_pure_head_mix': False, 'released_short_lowpitch_marginal_head_mix': False, 'released_underpowered_short_lowpitch_head_mix': False, 'underpowered_low_pitch_head_mix': False, 'borderline_low_mid_pitch_head_mix': False}, 'subtype_eval': {'candidate_subtype': 'weak_mix', 'candidate_subtype_conf': 0.805532, 'candidate_subtype_mix_support': 0.49105, 'strong_requires_threshold_block': False}, 'blockers': ['passes_rule_core']}","{'event_type': 'weak_mix', 'subtype': 'weak_mix', 'base_voice_type': 'falsetto', 'start_time': 0.0, 'end_time': 7.468027, 'confidence': 0.805532, 'strength': 0.756202, 'feature_snapshot': {'mix_support': 0.491051, 'learned_mix_margin': 0.086241, 'heuristic_mix_support': 0.0, 'learned_mix_support': 0.491051, 'breathiness': 0.0, 'head_bias': 1.0, 'chest_bias': 0.0, 'pure_learned_head_mix': True, 'marginal_head_mix': False, 'released_high_pitch_head_mix': False, 'released_near_threshold_high_pitch_head_mix': False, 'released_ultra_high_pitch_head_mix': False, 'released_low_energy_midhigh_head_mix': False, 'released_sustained_highpitch_marginal_head_mix': False, 'released_midpitch_lowchest_pure_head_mix': False, 'released_short_lowpitch_marginal_head_mix': False, 'released_underpowered_short_lowpitch_head_mix': False, 'underpowered_low_pitch_head_mix': False, 'borderline_low_mid_pitch_head_mix': False, 'weak_mix_support_floor': 0.2, 'weak_mix_pitch_floor': 180.0, 'mix_prob': 0.511241, 'mix_threshold': 0.425, 'mean_pitch_hz': 422.561066}}","{'model_ready': True, 'candidate_windows': 44, 'predicted_windows': 44, 'accepted_windows': 44, 'context_adjusted_windows': 0, 'relaxed_used': False, 'reason': '', 'backend': 'external_python'}",passes_rule_core,passes_rule_core,pure_learned_head_mix,weak_mix,0.805532,0.333914,1.0,0.49105,422.561066,0.511241,0.086241,falsetto,weak_mix,weak_mix,falsetto
Chinese#ZH-Alto-1#Pharyngeal#听海#Control_Group#0015,Control_Group,听海,ZH-Alto-1,control_negative,false_positive,,1,1,0,0.075316,"{'event_type': 'falsetto', 'start_time': 0.0, 'end_time': 9.36, 'confidence': 0.968694, 'strength': 0.98059, 'voice_type': 'falsetto', 'mean_pitch_hz': 568.250916, 'chest_prob': 0.031306, 'falsetto_prob': 0.968694, 'mix_prob': 0.500316, 'mix_threshold': 0.425, 'feature_snapshot': {'mean_rms': 0.08665, 'mean_zcr': 0.0, 'stable_ratio': 1.0, 'voiced_ratio': 1.0, 'mean_breath_score': 0.0, 'breath_hint_ratio': 0.0, 'mix_prob': 0.500316, 'mix_threshold': 0.425}}","{'voice_features': {'duration': 9.36, 'confidence': 0.968694, 'strength': 0.98059, 'probability_margin': 0.937388, 'chest_prob': 0.031306, 'falsetto_prob': 0.968694, 'voiced_ratio': 1.0, 'mean_pitch_hz': 568.250916, 'mean_rms': 0.08665, 'mean_zcr': 0.0, 'stable_ratio': 1.0, 'mean_breath_score': 0.0, 'breath_hint_ratio': 0.0, 'learned_mix_prob': 0.500316, 'learned_mix_threshold': 0.425, 'learned_mix_margin': 0.075316}, 'supports': {'heuristic_mix_support': 0.0, 'learned_mix_support': 0.465038, 'mix_support': 0.316226, 'pitch_support': 1.0, 'stable_support': 1.0, 'voiced_support': 1.0, 'breathiness': 0.0, 'head_bias': 1.0, 'chest_bias': 0.0, 'weak_mix_support': 0.465038, 'weak_mix_support_floor': 0.2, 'weak_mix_pitch_floor': 180.0}, 'released_flags': {'pure_learned_head_mix': True, 'marginal_head_mix': False, 'released_high_pitch_head_mix': False, 'released_near_threshold_high_pitch_head_mix': False, 'released_ultra_high_pitch_head_mix': False, 'released_high_energy_midhigh_head_mix': False, 'released_supported_low_pitch_head_mix': False, 'released_lowmid_near_threshold_head_mix': False, 'released_midhigh_near_threshold_head_mix': False, 'released_ultrahigh_bright_head_point_mix': False, 'released_midchest_near_threshold_head_mix': False, 'released_low_energy_midhigh_head_mix': False, 'released_sustained_highpitch_marginal_head_mix': False, 'released_midpitch_lowchest_pure_head_mix': False, 'released_short_lowpitch_marginal_head_mix': False, 'released_underpowered_short_lowpitch_head_mix': False, 'underpowered_low_pitch_head_mix': False, 'borderline_low_mid_pitch_head_mix': False}, 'subtype_eval': {'candidate_subtype': 'weak_mix', 'candidate_subtype_conf': 0.814356, 'candidate_subtype_mix_support': 0.465038, 'strong_requires_threshold_block': False}, 'blockers': ['passes_rule_core']}","{'event_type': 'weak_mix', 'subtype': 'weak_mix', 'base_voice_type': 'falsetto', 'start_time': 0.0, 'end_time': 9.36, 'confidence': 0.814357, 'strength': 0.760274, 'feature_snapshot': {'mix_support': 0.465039, 'learned_mix_margin': 0.075316, 'heuristic_mix_support': 0.0, 'learned_mix_support': 0.465039, 'breathiness': 0.0, 'head_bias': 1.0, 'chest_bias': 0.0, 'pure_learned_head_mix': True, 'marginal_head_mix': False, 'released_high_pitch_head_mix': False, 'released_near_threshold_high_pitch_head_mix': False, 'released_ultra_high_pitch_head_mix': False, 'released_low_energy_midhigh_head_mix': False, 'released_sustained_highpitch_marginal_head_mix': False, 'released_midpitch_lowchest_pure_head_mix': False, 'released_short_lowpitch_marginal_head_mix': False, 'released_underpowered_short_lowpitch_head_mix': False, 'underpowered_low_pitch_head_mix': False, 'borderline_low_mid_pitch_head_mix': False, 'weak_mix_support_floor': 0.2, 'weak_mix_pitch_floor': 180.0, 'mix_prob': 0.500316, 'mix_threshold': 0.425, 'mean_pitch_hz': 568.250916}}","{'model_ready': True, 'candidate_windows': 56, 'predicted_windows': 56, 'accepted_windows': 56, 'context_adjusted_windows': 0, 'relaxed_used': False, 'reason': '', 'backend': 'external_python'}",passes_rule_core,passes_rule_core,pure_learned_head_mix,weak_mix,0.814356,0.316226,1.0,0.465038,568.250916,0.500316,0.075316,falsetto,weak_mix,weak_mix,falsetto
Chinese#ZH-Alto-1#Breathy#成都#Control_Group#0001,Control_Group,成都,ZH-Alto-1,control_negative,false_positive,,2,1,1,0.066189,"{'event_type': 'falsetto', 'start_time': 2.0, 'end_time': 8.530023, 'confidence': 0.871566, 'strength': 0.920371, 'voice_type': 'falsetto', 'mean_pitch_hz': 374.86554, 'chest_prob': 0.143914, 'falsetto_prob': 0.871566, 'mix_prob': 0.491189, 'mix_threshold': 0.425, 'feature_snapshot': {'mean_rms': 0.052921, 'mean_zcr': 0.0, 'stable_ratio': 1.0, 'voiced_ratio': 1.0, 'mean_breath_score': 0.0, 'breath_hint_ratio': 0.0, 'mix_prob': 0.491189, 'mix_threshold': 0.425}}","{'voice_features': {'duration': 6.530023, 'confidence': 0.871566, 'strength': 0.920371, 'probability_margin': 0.727652, 'chest_prob': 0.143914, 'falsetto_prob': 0.871566, 'voiced_ratio': 1.0, 'mean_pitch_hz': 374.86554, 'mean_rms': 0.052921, 'mean_zcr': 0.0, 'stable_ratio': 1.0, 'mean_breath_score': 0.0, 'breath_hint_ratio': 0.0, 'learned_mix_prob': 0.491189, 'learned_mix_threshold': 0.425, 'learned_mix_margin': 0.066189}, 'supports': {'heuristic_mix_support': 0.0, 'learned_mix_support': 0.443307, 'mix_support': 0.301449, 'pitch_support': 0.716807, 'stable_support': 1.0, 'voiced_support': 1.0, 'breathiness': 0.0, 'head_bias': 1.0, 'chest_bias': 0.0, 'weak_mix_support': 0.443307, 'weak_mix_support_floor': 0.2, 'weak_mix_pitch_floor': 180.0}, 'released_flags': {'pure_learned_head_mix': True, 'marginal_head_mix': False, 'released_high_pitch_head_mix': False, 'released_near_threshold_high_pitch_head_mix': False, 'released_ultra_high_pitch_head_mix': False, 'released_high_energy_midhigh_head_mix': False, 'released_supported_low_pitch_head_mix': False, 'released_lowmid_near_threshold_head_mix': False, 'released_midhigh_near_threshold_head_mix': False, 'released_ultrahigh_bright_head_point_mix': False, 'released_midchest_near_threshold_head_mix': False, 'released_low_energy_midhigh_head_mix': False, 'released_sustained_highpitch_marginal_head_mix': False, 'released_midpitch_lowchest_pure_head_mix': False, 'released_short_lowpitch_marginal_head_mix': False, 'released_underpowered_short_lowpitch_head_mix': False, 'underpowered_low_pitch_head_mix': False, 'borderline_low_mid_pitch_head_mix': False}, 'subtype_eval': {'candidate_subtype': 'weak_mix', 'candidate_subtype_conf': 0.750001, 'candidate_subtype_mix_support': 0.443307, 'strong_requires_threshold_block': False}, 'blockers': ['reject_pure_head_low_pitch']}","{'event_type': 'strong_mix', 'subtype': 'strong_mix', 'base_voice_type': 'chest', 'start_time': 0.64, 'end_time': 2.0, 'confidence': 0.699446, 'strength': 0.624951, 'feature_snapshot': {'mix_support': 0.634324, 'learned_mix_margin': 0.108968, 'heuristic_mix_support': 0.823792, 'learned_mix_support': 0.545163, 'breathiness': 0.0, 'head_bias': 0.219034, 'chest_bias': 0.500966, 'pure_learned_head_mix': False, 'marginal_head_mix': False, 'released_high_pitch_head_mix': False, 'released_near_threshold_high_pitch_head_mix': False, 'released_ultra_high_pitch_head_mix': False, 'released_low_energy_midhigh_head_mix': False, 'released_sustained_highpitch_marginal_head_mix': False, 'released_midpitch_lowchest_pure_head_mix': False, 'released_short_lowpitch_marginal_head_mix': False, 'released_underpowered_short_lowpitch_head_mix': False, 'underpowered_low_pitch_head_mix': False, 'borderline_low_mid_pitch_head_mix': False, 'weak_mix_support_floor': 0.28, 'weak_mix_pitch_floor': 230.0, 'mix_prob': 0.533968, 'mix_threshold': 0.425, 'mean_pitch_hz': 217.405701}}","{'model_ready': True, 'candidate_windows': 51, 'predicted_windows': 51, 'accepted_windows': 46, 'context_adjusted_windows': 7, 'relaxed_used': False, 'reason': '', 'backend': 'external_python'}",reject_pure_head_low_pitch,reject_pure_head_low_pitch,pure_learned_head_mix,weak_mix,0.750001,0.301449,1.0,0.443307,374.86554,0.491189,0.066189,falsetto,strong_mix,strong_mix,chest
