item_name,wav_path,wav_fn,language,singer,song_name,group_name,mix,falsetto,breathy,vibrato,glissando,pharyngeal,any_tech,mix_variant,label_signature,binary_role,family_bucket,family_primary_blocker,family_blockers,family_released_flags,family_candidate_subtype,family_candidate_subtype_conf,family_mix_support,family_head_bias,family_weak_mix_support,family_mean_pitch_hz,family_best_voice_mix_prob,family_best_voice_mix_margin,family_best_voice_type,family_strongest_mix_event_type,family_strongest_mix_subtype,family_strongest_mix_base_voice_type
Chinese#ZH-Alto-1#Mixed_Voice_and_Falsetto#画心#Mixed_Voice_Group#0003,D:\-MindEcho-main\ml_dl_models\gtsinger_multitech\dataset\raw\Chinese\ZH-Alto-1\Mixed_Voice_and_Falsetto\画心\Mixed_Voice_Group\0003.wav,Chinese/ZH-Alto-1/Mixed_Voice_and_Falsetto/画心/Mixed_Voice_Group/0003.wav,Chinese,ZH-Alto-1,画心,Mixed_Voice_Group,1,0,0,0,1,0,1,clear_mix,100010,positive_mix,,,,,,,,,,,,,,,,
Chinese#ZH-Alto-1#Mixed_Voice_and_Falsetto#剑伤#Mixed_Voice_Group#0009,D:\-MindEcho-main\ml_dl_models\gtsinger_multitech\dataset\raw\Chinese\ZH-Alto-1\Mixed_Voice_and_Falsetto\剑伤\Mixed_Voice_Group\0009.wav,Chinese/ZH-Alto-1/Mixed_Voice_and_Falsetto/剑伤/Mixed_Voice_Group/0009.wav,Chinese,ZH-Alto-1,剑伤,Mixed_Voice_Group,1,0,0,0,1,0,1,clear_mix,100010,positive_mix,,,,,,,,,,,,,,,,
Chinese#ZH-Alto-1#Mixed_Voice_and_Falsetto#鸽子#Mixed_Voice_Group#0001,D:\-MindEcho-main\ml_dl_models\gtsinger_multitech\dataset\raw\Chinese\ZH-Alto-1\Mixed_Voice_and_Falsetto\鸽子\Mixed_Voice_Group\0001.wav,Chinese/ZH-Alto-1/Mixed_Voice_and_Falsetto/鸽子/Mixed_Voice_Group/0001.wav,Chinese,ZH-Alto-1,鸽子,Mixed_Voice_Group,1,0,0,0,1,0,1,clear_mix,100010,positive_mix,,,,,,,,,,,,,,,,
Chinese#ZH-Alto-1#Mixed_Voice_and_Falsetto#爱情转移#Mixed_Voice_Group#0000,D:\-MindEcho-main\ml_dl_models\gtsinger_multitech\dataset\raw\Chinese\ZH-Alto-1\Mixed_Voice_and_Falsetto\爱情转移\Mixed_Voice_Group\0000.wav,Chinese/ZH-Alto-1/Mixed_Voice_and_Falsetto/爱情转移/Mixed_Voice_Group/0000.wav,Chinese,ZH-Alto-1,爱情转移,Mixed_Voice_Group,1,0,0,0,1,0,1,clear_mix,100010,positive_mix,,,,,,,,,,,,,,,,
Chinese#ZH-Alto-1#Mixed_Voice_and_Falsetto#我喜欢上你时的内心活动#Mixed_Voice_Group#0005,D:\-MindEcho-main\ml_dl_models\gtsinger_multitech\dataset\raw\Chinese\ZH-Alto-1\Mixed_Voice_and_Falsetto\我喜欢上你时的内心活动\Mixed_Voice_Group\0005.wav,Chinese/ZH-Alto-1/Mixed_Voice_and_Falsetto/我喜欢上你时的内心活动/Mixed_Voice_Group/0005.wav,Chinese,ZH-Alto-1,我喜欢上你时的内心活动,Mixed_Voice_Group,1,0,0,0,1,0,1,clear_mix,100010,positive_mix,,,,,,,,,,,,,,,,
Chinese#ZH-Alto-1#Mixed_Voice_and_Falsetto#青花瓷#Mixed_Voice_Group#0010,D:\-MindEcho-main\ml_dl_models\gtsinger_multitech\dataset\raw\Chinese\ZH-Alto-1\Mixed_Voice_and_Falsetto\青花瓷\Mixed_Voice_Group\0010.wav,Chinese/ZH-Alto-1/Mixed_Voice_and_Falsetto/青花瓷/Mixed_Voice_Group/0010.wav,Chinese,ZH-Alto-1,青花瓷,Mixed_Voice_Group,1,0,0,0,1,0,1,clear_mix,100010,positive_mix,,,,,,,,,,,,,,,,
Chinese#ZH-Alto-1#Mixed_Voice_and_Falsetto#红玫瑰#Mixed_Voice_Group#0009,D:\-MindEcho-main\ml_dl_models\gtsinger_multitech\dataset\raw\Chinese\ZH-Alto-1\Mixed_Voice_and_Falsetto\红玫瑰\Mixed_Voice_Group\0009.wav,Chinese/ZH-Alto-1/Mixed_Voice_and_Falsetto/红玫瑰/Mixed_Voice_Group/0009.wav,Chinese,ZH-Alto-1,红玫瑰,Mixed_Voice_Group,1,0,0,0,1,0,1,clear_mix,100010,positive_mix,,,,,,,,,,,,,,,,
Chinese#ZH-Alto-1#Mixed_Voice_and_Falsetto#演员#Mixed_Voice_Group#0019,D:\-MindEcho-main\ml_dl_models\gtsinger_multitech\dataset\raw\Chinese\ZH-Alto-1\Mixed_Voice_and_Falsetto\演员\Mixed_Voice_Group\0019.wav,Chinese/ZH-Alto-1/Mixed_Voice_and_Falsetto/演员/Mixed_Voice_Group/0019.wav,Chinese,ZH-Alto-1,演员,Mixed_Voice_Group,1,0,0,0,1,0,1,clear_mix,100010,positive_mix,,,,,,,,,,,,,,,,
Chinese#ZH-Alto-1#Mixed_Voice_and_Falsetto#演员#Mixed_Voice_Group#0006,D:\-MindEcho-main\ml_dl_models\gtsinger_multitech\dataset\raw\Chinese\ZH-Alto-1\Mixed_Voice_and_Falsetto\演员\Mixed_Voice_Group\0006.wav,Chinese/ZH-Alto-1/Mixed_Voice_and_Falsetto/演员/Mixed_Voice_Group/0006.wav,Chinese,ZH-Alto-1,演员,Mixed_Voice_Group,1,0,0,0,1,0,1,clear_mix,100010,positive_mix,,,,,,,,,,,,,,,,
Chinese#ZH-Alto-1#Mixed_Voice_and_Falsetto#给电影人的情书#Mixed_Voice_Group#0000,D:\-MindEcho-main\ml_dl_models\gtsinger_multitech\dataset\raw\Chinese\ZH-Alto-1\Mixed_Voice_and_Falsetto\给电影人的情书\Mixed_Voice_Group\0000.wav,Chinese/ZH-Alto-1/Mixed_Voice_and_Falsetto/给电影人的情书/Mixed_Voice_Group/0000.wav,Chinese,ZH-Alto-1,给电影人的情书,Mixed_Voice_Group,1,0,0,0,1,0,1,clear_mix,100010,positive_mix,,,,,,,,,,,,,,,,
Chinese#ZH-Alto-1#Mixed_Voice_and_Falsetto#走马#Mixed_Voice_Group#0000,D:\-MindEcho-main\ml_dl_models\gtsinger_multitech\dataset\raw\Chinese\ZH-Alto-1\Mixed_Voice_and_Falsetto\走马\Mixed_Voice_Group\0000.wav,Chinese/ZH-Alto-1/Mixed_Voice_and_Falsetto/走马/Mixed_Voice_Group/0000.wav,Chinese,ZH-Alto-1,走马,Mixed_Voice_Group,1,0,0,0,1,0,1,clear_mix,100010,positive_mix,,,,,,,,,,,,,,,,
Chinese#ZH-Alto-1#Mixed_Voice_and_Falsetto#给电影人的情书#Mixed_Voice_Group#0009,D:\-MindEcho-main\ml_dl_models\gtsinger_multitech\dataset\raw\Chinese\ZH-Alto-1\Mixed_Voice_and_Falsetto\给电影人的情书\Mixed_Voice_Group\0009.wav,Chinese/ZH-Alto-1/Mixed_Voice_and_Falsetto/给电影人的情书/Mixed_Voice_Group/0009.wav,Chinese,ZH-Alto-1,给电影人的情书,Mixed_Voice_Group,1,0,0,0,1,0,1,clear_mix,100010,positive_mix,,,,,,,,,,,,,,,,
Chinese#ZH-Alto-1#Mixed_Voice_and_Falsetto#告白气球#Mixed_Voice_Group#0003,D:\-MindEcho-main\ml_dl_models\gtsinger_multitech\dataset\raw\Chinese\ZH-Alto-1\Mixed_Voice_and_Falsetto\告白气球\Mixed_Voice_Group\0003.wav,Chinese/ZH-Alto-1/Mixed_Voice_and_Falsetto/告白气球/Mixed_Voice_Group/0003.wav,Chinese,ZH-Alto-1,告白气球,Mixed_Voice_Group,1,0,0,0,0,0,1,clear_mix,100000,positive_mix,,,,,,,,,,,,,,,,
Chinese#ZH-Alto-1#Mixed_Voice_and_Falsetto#菊花台#Mixed_Voice_Group#0010,D:\-MindEcho-main\ml_dl_models\gtsinger_multitech\dataset\raw\Chinese\ZH-Alto-1\Mixed_Voice_and_Falsetto\菊花台\Mixed_Voice_Group\0010.wav,Chinese/ZH-Alto-1/Mixed_Voice_and_Falsetto/菊花台/Mixed_Voice_Group/0010.wav,Chinese,ZH-Alto-1,菊花台,Mixed_Voice_Group,1,0,0,0,1,0,1,clear_mix,100010,positive_mix,,,,,,,,,,,,,,,,
Chinese#ZH-Alto-1#Mixed_Voice_and_Falsetto#烟花易冷#Mixed_Voice_Group#0019,D:\-MindEcho-main\ml_dl_models\gtsinger_multitech\dataset\raw\Chinese\ZH-Alto-1\Mixed_Voice_and_Falsetto\烟花易冷\Mixed_Voice_Group\0019.wav,Chinese/ZH-Alto-1/Mixed_Voice_and_Falsetto/烟花易冷/Mixed_Voice_Group/0019.wav,Chinese,ZH-Alto-1,烟花易冷,Mixed_Voice_Group,1,0,0,0,1,0,1,clear_mix,100010,positive_mix,,,,,,,,,,,,,,,,
Chinese#ZH-Alto-1#Mixed_Voice_and_Falsetto#化身孤岛的鲸#Mixed_Voice_Group#0006,D:\-MindEcho-main\ml_dl_models\gtsinger_multitech\dataset\raw\Chinese\ZH-Alto-1\Mixed_Voice_and_Falsetto\化身孤岛的鲸\Mixed_Voice_Group\0006.wav,Chinese/ZH-Alto-1/Mixed_Voice_and_Falsetto/化身孤岛的鲸/Mixed_Voice_Group/0006.wav,Chinese,ZH-Alto-1,化身孤岛的鲸,Mixed_Voice_Group,1,1,0,0,1,0,1,head_mix,110010,positive_mix,,,,,,,,,,,,,,,,
Chinese#ZH-Alto-1#Mixed_Voice_and_Falsetto#时间煮雨#Mixed_Voice_Group#0005,D:\-MindEcho-main\ml_dl_models\gtsinger_multitech\dataset\raw\Chinese\ZH-Alto-1\Mixed_Voice_and_Falsetto\时间煮雨\Mixed_Voice_Group\0005.wav,Chinese/ZH-Alto-1/Mixed_Voice_and_Falsetto/时间煮雨/Mixed_Voice_Group/0005.wav,Chinese,ZH-Alto-1,时间煮雨,Mixed_Voice_Group,1,0,0,0,1,0,1,clear_mix,100010,positive_mix,,,,,,,,,,,,,,,,
Chinese#ZH-Alto-1#Mixed_Voice_and_Falsetto#可乐#Mixed_Voice_Group#0007,D:\-MindEcho-main\ml_dl_models\gtsinger_multitech\dataset\raw\Chinese\ZH-Alto-1\Mixed_Voice_and_Falsetto\可乐\Mixed_Voice_Group\0007.wav,Chinese/ZH-Alto-1/Mixed_Voice_and_Falsetto/可乐/Mixed_Voice_Group/0007.wav,Chinese,ZH-Alto-1,可乐,Mixed_Voice_Group,1,0,0,0,1,0,1,clear_mix,100010,positive_mix,,,,,,,,,,,,,,,,
Chinese#ZH-Alto-1#Mixed_Voice_and_Falsetto#可乐#Mixed_Voice_Group#0010,D:\-MindEcho-main\ml_dl_models\gtsinger_multitech\dataset\raw\Chinese\ZH-Alto-1\Mixed_Voice_and_Falsetto\可乐\Mixed_Voice_Group\0010.wav,Chinese/ZH-Alto-1/Mixed_Voice_and_Falsetto/可乐/Mixed_Voice_Group/0010.wav,Chinese,ZH-Alto-1,可乐,Mixed_Voice_Group,1,0,0,0,1,0,1,clear_mix,100010,positive_mix,,,,,,,,,,,,,,,,
Chinese#ZH-Alto-1#Mixed_Voice_and_Falsetto#化身孤岛的鲸#Mixed_Voice_Group#0016,D:\-MindEcho-main\ml_dl_models\gtsinger_multitech\dataset\raw\Chinese\ZH-Alto-1\Mixed_Voice_and_Falsetto\化身孤岛的鲸\Mixed_Voice_Group\0016.wav,Chinese/ZH-Alto-1/Mixed_Voice_and_Falsetto/化身孤岛的鲸/Mixed_Voice_Group/0016.wav,Chinese,ZH-Alto-1,化身孤岛的鲸,Mixed_Voice_Group,1,1,0,0,1,0,1,head_mix,110010,positive_mix,,,,,,,,,,,,,,,,
Chinese#ZH-Alto-1#Mixed_Voice_and_Falsetto#可惜没如果#Mixed_Voice_Group#0023,D:\-MindEcho-main\ml_dl_models\gtsinger_multitech\dataset\raw\Chinese\ZH-Alto-1\Mixed_Voice_and_Falsetto\可惜没如果\Mixed_Voice_Group\0023.wav,Chinese/ZH-Alto-1/Mixed_Voice_and_Falsetto/可惜没如果/Mixed_Voice_Group/0023.wav,Chinese,ZH-Alto-1,可惜没如果,Mixed_Voice_Group,1,0,0,0,1,0,1,clear_mix,100010,positive_mix,,,,,,,,,,,,,,,,
Chinese#ZH-Alto-1#Mixed_Voice_and_Falsetto#可惜没如果#Mixed_Voice_Group#0014,D:\-MindEcho-main\ml_dl_models\gtsinger_multitech\dataset\raw\Chinese\ZH-Alto-1\Mixed_Voice_and_Falsetto\可惜没如果\Mixed_Voice_Group\0014.wav,Chinese/ZH-Alto-1/Mixed_Voice_and_Falsetto/可惜没如果/Mixed_Voice_Group/0014.wav,Chinese,ZH-Alto-1,可惜没如果,Mixed_Voice_Group,1,0,0,0,1,0,1,clear_mix,100010,positive_mix,,,,,,,,,,,,,,,,
Chinese#ZH-Alto-1#Mixed_Voice_and_Falsetto#演员#Mixed_Voice_Group#0014,D:\-MindEcho-main\ml_dl_models\gtsinger_multitech\dataset\raw\Chinese\ZH-Alto-1\Mixed_Voice_and_Falsetto\演员\Mixed_Voice_Group\0014.wav,Chinese/ZH-Alto-1/Mixed_Voice_and_Falsetto/演员/Mixed_Voice_Group/0014.wav,Chinese,ZH-Alto-1,演员,Mixed_Voice_Group,1,0,0,0,1,0,1,clear_mix,100010,positive_mix,,,,,,,,,,,,,,,,
Chinese#ZH-Alto-1#Mixed_Voice_and_Falsetto#我们的明天#Mixed_Voice_Group#0006,D:\-MindEcho-main\ml_dl_models\gtsinger_multitech\dataset\raw\Chinese\ZH-Alto-1\Mixed_Voice_and_Falsetto\我们的明天\Mixed_Voice_Group\0006.wav,Chinese/ZH-Alto-1/Mixed_Voice_and_Falsetto/我们的明天/Mixed_Voice_Group/0006.wav,Chinese,ZH-Alto-1,我们的明天,Mixed_Voice_Group,1,0,0,0,1,0,1,clear_mix,100010,positive_mix,,,,,,,,,,,,,,,,
Chinese#ZH-Alto-1#Mixed_Voice_and_Falsetto#最长的电影#Mixed_Voice_Group#0011,D:\-MindEcho-main\ml_dl_models\gtsinger_multitech\dataset\raw\Chinese\ZH-Alto-1\Mixed_Voice_and_Falsetto\最长的电影\Mixed_Voice_Group\0011.wav,Chinese/ZH-Alto-1/Mixed_Voice_and_Falsetto/最长的电影/Mixed_Voice_Group/0011.wav,Chinese,ZH-Alto-1,最长的电影,Mixed_Voice_Group,1,0,0,0,1,0,1,clear_mix,100010,positive_mix,,,,,,,,,,,,,,,,
Chinese#ZH-Alto-1#Mixed_Voice_and_Falsetto#红玫瑰#Mixed_Voice_Group#0008,D:\-MindEcho-main\ml_dl_models\gtsinger_multitech\dataset\raw\Chinese\ZH-Alto-1\Mixed_Voice_and_Falsetto\红玫瑰\Mixed_Voice_Group\0008.wav,Chinese/ZH-Alto-1/Mixed_Voice_and_Falsetto/红玫瑰/Mixed_Voice_Group/0008.wav,Chinese,ZH-Alto-1,红玫瑰,Mixed_Voice_Group,1,0,0,0,1,0,1,clear_mix,100010,positive_mix,,,,,,,,,,,,,,,,
Chinese#ZH-Alto-1#Mixed_Voice_and_Falsetto#爱情转移#Mixed_Voice_Group#0009,D:\-MindEcho-main\ml_dl_models\gtsinger_multitech\dataset\raw\Chinese\ZH-Alto-1\Mixed_Voice_and_Falsetto\爱情转移\Mixed_Voice_Group\0009.wav,Chinese/ZH-Alto-1/Mixed_Voice_and_Falsetto/爱情转移/Mixed_Voice_Group/0009.wav,Chinese,ZH-Alto-1,爱情转移,Mixed_Voice_Group,1,0,0,0,1,0,1,clear_mix,100010,positive_mix,,,,,,,,,,,,,,,,
Chinese#ZH-Alto-1#Mixed_Voice_and_Falsetto#我喜欢上你时的内心活动#Mixed_Voice_Group#0006,D:\-MindEcho-main\ml_dl_models\gtsinger_multitech\dataset\raw\Chinese\ZH-Alto-1\Mixed_Voice_and_Falsetto\我喜欢上你时的内心活动\Mixed_Voice_Group\0006.wav,Chinese/ZH-Alto-1/Mixed_Voice_and_Falsetto/我喜欢上你时的内心活动/Mixed_Voice_Group/0006.wav,Chinese,ZH-Alto-1,我喜欢上你时的内心活动,Mixed_Voice_Group,1,0,0,0,1,0,1,clear_mix,100010,positive_mix,,,,,,,,,,,,,,,,
Chinese#ZH-Alto-1#Mixed_Voice_and_Falsetto#贝加尔湖畔#Mixed_Voice_Group#0007,D:\-MindEcho-main\ml_dl_models\gtsinger_multitech\dataset\raw\Chinese\ZH-Alto-1\Mixed_Voice_and_Falsetto\贝加尔湖畔\Mixed_Voice_Group\0007.wav,Chinese/ZH-Alto-1/Mixed_Voice_and_Falsetto/贝加尔湖畔/Mixed_Voice_Group/0007.wav,Chinese,ZH-Alto-1,贝加尔湖畔,Mixed_Voice_Group,1,0,0,0,1,0,1,clear_mix,100010,positive_mix,,,,,,,,,,,,,,,,
Chinese#ZH-Alto-1#Mixed_Voice_and_Falsetto#我的歌声里#Mixed_Voice_Group#0009,D:\-MindEcho-main\ml_dl_models\gtsinger_multitech\dataset\raw\Chinese\ZH-Alto-1\Mixed_Voice_and_Falsetto\我的歌声里\Mixed_Voice_Group\0009.wav,Chinese/ZH-Alto-1/Mixed_Voice_and_Falsetto/我的歌声里/Mixed_Voice_Group/0009.wav,Chinese,ZH-Alto-1,我的歌声里,Mixed_Voice_Group,1,0,0,0,1,0,1,clear_mix,100010,positive_mix,,,,,,,,,,,,,,,,
Chinese#ZH-Alto-1#Mixed_Voice_and_Falsetto#画#Mixed_Voice_Group#0003,D:\-MindEcho-main\ml_dl_models\gtsinger_multitech\dataset\raw\Chinese\ZH-Alto-1\Mixed_Voice_and_Falsetto\画\Mixed_Voice_Group\0003.wav,Chinese/ZH-Alto-1/Mixed_Voice_and_Falsetto/画/Mixed_Voice_Group/0003.wav,Chinese,ZH-Alto-1,画,Mixed_Voice_Group,1,0,0,0,1,0,1,clear_mix,100010,positive_mix,,,,,,,,,,,,,,,,
Chinese#ZH-Alto-1#Mixed_Voice_and_Falsetto#我的歌声里#Mixed_Voice_Group#0008,D:\-MindEcho-main\ml_dl_models\gtsinger_multitech\dataset\raw\Chinese\ZH-Alto-1\Mixed_Voice_and_Falsetto\我的歌声里\Mixed_Voice_Group\0008.wav,Chinese/ZH-Alto-1/Mixed_Voice_and_Falsetto/我的歌声里/Mixed_Voice_Group/0008.wav,Chinese,ZH-Alto-1,我的歌声里,Mixed_Voice_Group,1,0,0,0,1,0,1,clear_mix,100010,positive_mix,,,,,,,,,,,,,,,,
Chinese#ZH-Alto-1#Mixed_Voice_and_Falsetto#平凡的一天#Mixed_Voice_Group#0005,D:\-MindEcho-main\ml_dl_models\gtsinger_multitech\dataset\raw\Chinese\ZH-Alto-1\Mixed_Voice_and_Falsetto\平凡的一天\Mixed_Voice_Group\0005.wav,Chinese/ZH-Alto-1/Mixed_Voice_and_Falsetto/平凡的一天/Mixed_Voice_Group/0005.wav,Chinese,ZH-Alto-1,平凡的一天,Mixed_Voice_Group,1,0,0,1,1,0,1,clear_mix,100110,positive_mix,,,,,,,,,,,,,,,,
Chinese#ZH-Alto-1#Mixed_Voice_and_Falsetto#青花瓷#Mixed_Voice_Group#0002,D:\-MindEcho-main\ml_dl_models\gtsinger_multitech\dataset\raw\Chinese\ZH-Alto-1\Mixed_Voice_and_Falsetto\青花瓷\Mixed_Voice_Group\0002.wav,Chinese/ZH-Alto-1/Mixed_Voice_and_Falsetto/青花瓷/Mixed_Voice_Group/0002.wav,Chinese,ZH-Alto-1,青花瓷,Mixed_Voice_Group,1,0,0,0,1,0,1,clear_mix,100010,positive_mix,,,,,,,,,,,,,,,,
Chinese#ZH-Alto-1#Mixed_Voice_and_Falsetto#忽然之间#Mixed_Voice_Group#0005,D:\-MindEcho-main\ml_dl_models\gtsinger_multitech\dataset\raw\Chinese\ZH-Alto-1\Mixed_Voice_and_Falsetto\忽然之间\Mixed_Voice_Group\0005.wav,Chinese/ZH-Alto-1/Mixed_Voice_and_Falsetto/忽然之间/Mixed_Voice_Group/0005.wav,Chinese,ZH-Alto-1,忽然之间,Mixed_Voice_Group,1,0,0,0,1,0,1,clear_mix,100010,positive_mix,,,,,,,,,,,,,,,,
Chinese#ZH-Alto-1#Mixed_Voice_and_Falsetto#化身孤岛的鲸#Mixed_Voice_Group#0009,D:\-MindEcho-main\ml_dl_models\gtsinger_multitech\dataset\raw\Chinese\ZH-Alto-1\Mixed_Voice_and_Falsetto\化身孤岛的鲸\Mixed_Voice_Group\0009.wav,Chinese/ZH-Alto-1/Mixed_Voice_and_Falsetto/化身孤岛的鲸/Mixed_Voice_Group/0009.wav,Chinese,ZH-Alto-1,化身孤岛的鲸,Mixed_Voice_Group,1,1,0,0,1,0,1,head_mix,110010,positive_mix,,,,,,,,,,,,,,,,
Chinese#ZH-Alto-1#Mixed_Voice_and_Falsetto#我的歌声里#Mixed_Voice_Group#0015,D:\-MindEcho-main\ml_dl_models\gtsinger_multitech\dataset\raw\Chinese\ZH-Alto-1\Mixed_Voice_and_Falsetto\我的歌声里\Mixed_Voice_Group\0015.wav,Chinese/ZH-Alto-1/Mixed_Voice_and_Falsetto/我的歌声里/Mixed_Voice_Group/0015.wav,Chinese,ZH-Alto-1,我的歌声里,Mixed_Voice_Group,1,0,0,0,1,0,1,clear_mix,100010,positive_mix,,,,,,,,,,,,,,,,
Chinese#ZH-Alto-1#Mixed_Voice_and_Falsetto#演员#Mixed_Voice_Group#0013,D:\-MindEcho-main\ml_dl_models\gtsinger_multitech\dataset\raw\Chinese\ZH-Alto-1\Mixed_Voice_and_Falsetto\演员\Mixed_Voice_Group\0013.wav,Chinese/ZH-Alto-1/Mixed_Voice_and_Falsetto/演员/Mixed_Voice_Group/0013.wav,Chinese,ZH-Alto-1,演员,Mixed_Voice_Group,1,0,0,0,1,0,1,clear_mix,100010,positive_mix,,,,,,,,,,,,,,,,
Chinese#ZH-Alto-1#Mixed_Voice_and_Falsetto#给电影人的情书#Mixed_Voice_Group#0002,D:\-MindEcho-main\ml_dl_models\gtsinger_multitech\dataset\raw\Chinese\ZH-Alto-1\Mixed_Voice_and_Falsetto\给电影人的情书\Mixed_Voice_Group\0002.wav,Chinese/ZH-Alto-1/Mixed_Voice_and_Falsetto/给电影人的情书/Mixed_Voice_Group/0002.wav,Chinese,ZH-Alto-1,给电影人的情书,Mixed_Voice_Group,1,0,0,0,1,0,1,clear_mix,100010,positive_mix,,,,,,,,,,,,,,,,
Chinese#ZH-Alto-1#Mixed_Voice_and_Falsetto#红玫瑰#Mixed_Voice_Group#0001,D:\-MindEcho-main\ml_dl_models\gtsinger_multitech\dataset\raw\Chinese\ZH-Alto-1\Mixed_Voice_and_Falsetto\红玫瑰\Mixed_Voice_Group\0001.wav,Chinese/ZH-Alto-1/Mixed_Voice_and_Falsetto/红玫瑰/Mixed_Voice_Group/0001.wav,Chinese,ZH-Alto-1,红玫瑰,Mixed_Voice_Group,1,0,0,0,1,0,1,clear_mix,100010,positive_mix,,,,,,,,,,,,,,,,
Chinese#ZH-Alto-1#Mixed_Voice_and_Falsetto#别找我麻烦#Mixed_Voice_Group#0009,D:\-MindEcho-main\ml_dl_models\gtsinger_multitech\dataset\raw\Chinese\ZH-Alto-1\Mixed_Voice_and_Falsetto\别找我麻烦\Mixed_Voice_Group\0009.wav,Chinese/ZH-Alto-1/Mixed_Voice_and_Falsetto/别找我麻烦/Mixed_Voice_Group/0009.wav,Chinese,ZH-Alto-1,别找我麻烦,Mixed_Voice_Group,1,0,0,0,1,0,1,clear_mix,100010,positive_mix,,,,,,,,,,,,,,,,
Chinese#ZH-Alto-1#Mixed_Voice_and_Falsetto#演员#Mixed_Voice_Group#0003,D:\-MindEcho-main\ml_dl_models\gtsinger_multitech\dataset\raw\Chinese\ZH-Alto-1\Mixed_Voice_and_Falsetto\演员\Mixed_Voice_Group\0003.wav,Chinese/ZH-Alto-1/Mixed_Voice_and_Falsetto/演员/Mixed_Voice_Group/0003.wav,Chinese,ZH-Alto-1,演员,Mixed_Voice_Group,1,0,0,0,1,0,1,clear_mix,100010,positive_mix,,,,,,,,,,,,,,,,
Chinese#ZH-Alto-1#Mixed_Voice_and_Falsetto#演员#Mixed_Voice_Group#0022,D:\-MindEcho-main\ml_dl_models\gtsinger_multitech\dataset\raw\Chinese\ZH-Alto-1\Mixed_Voice_and_Falsetto\演员\Mixed_Voice_Group\0022.wav,Chinese/ZH-Alto-1/Mixed_Voice_and_Falsetto/演员/Mixed_Voice_Group/0022.wav,Chinese,ZH-Alto-1,演员,Mixed_Voice_Group,1,0,0,0,1,0,1,clear_mix,100010,positive_mix,,,,,,,,,,,,,,,,
Chinese#ZH-Alto-1#Vibrato#我喜欢上你时的内心活动#Control_Group#0012,D:\-MindEcho-main\ml_dl_models\gtsinger_multitech\dataset\raw\Chinese\ZH-Alto-1\Vibrato\我喜欢上你时的内心活动\Control_Group\0012.wav,Chinese/ZH-Alto-1/Vibrato/我喜欢上你时的内心活动/Control_Group/0012.wav,Chinese,ZH-Alto-1,我喜欢上你时的内心活动,Control_Group,0,0,0,0,1,0,1,non_mix,000010,control_negative,runtime_false_positive_family,passes_rule_core,passes_rule_core,,strong_mix,0.754703,0.729942,0.13922,0.729942,217.258652,0.612745,0.187745,chest_voice,strong_mix,strong_mix,chest
Chinese#ZH-Alto-1#Pharyngeal#小半#Control_Group#0008,D:\-MindEcho-main\ml_dl_models\gtsinger_multitech\dataset\raw\Chinese\ZH-Alto-1\Pharyngeal\小半\Control_Group\0008.wav,Chinese/ZH-Alto-1/Pharyngeal/小半/Control_Group/0008.wav,Chinese,ZH-Alto-1,小半,Control_Group,0,0,0,0,1,0,1,non_mix,000010,control_negative,runtime_false_positive_family,passes_rule_core,passes_rule_core,,weak_mix,0.6258,0.612633,0.733692,0.650162,235.081451,0.578068,0.153068,falsetto,weak_mix,weak_mix,falsetto
Chinese#ZH-Alto-1#Breathy#慢慢喜欢你#Control_Group#0002,D:\-MindEcho-main\ml_dl_models\gtsinger_multitech\dataset\raw\Chinese\ZH-Alto-1\Breathy\慢慢喜欢你\Control_Group\0002.wav,Chinese/ZH-Alto-1/Breathy/慢慢喜欢你/Control_Group/0002.wav,Chinese,ZH-Alto-1,慢慢喜欢你,Control_Group,0,0,0,0,1,0,1,non_mix,000010,control_negative,runtime_false_positive_family,passes_rule_core,passes_rule_core,,weak_mix,0.685867,0.538598,0.907564,0.643564,252.980347,0.575297,0.150297,falsetto,weak_mix,weak_mix,falsetto
Chinese#ZH-Alto-1#Mixed_Voice_and_Falsetto#最长的电影#Control_Group#0005,D:\-MindEcho-main\ml_dl_models\gtsinger_multitech\dataset\raw\Chinese\ZH-Alto-1\Mixed_Voice_and_Falsetto\最长的电影\Control_Group\0005.wav,Chinese/ZH-Alto-1/Mixed_Voice_and_Falsetto/最长的电影/Control_Group/0005.wav,Chinese,ZH-Alto-1,最长的电影,Control_Group,0,0,0,0,1,0,1,non_mix,000010,control_negative,runtime_false_positive_family,passes_rule_core,passes_rule_core,,strong_mix,0.722742,0.687977,0.2013,0.687977,217.386032,0.571488,0.146488,chest_voice,strong_mix,strong_mix,chest
Chinese#ZH-Alto-1#Mixed_Voice_and_Falsetto#后来#Control_Group#0006,D:\-MindEcho-main\ml_dl_models\gtsinger_multitech\dataset\raw\Chinese\ZH-Alto-1\Mixed_Voice_and_Falsetto\后来\Control_Group\0006.wav,Chinese/ZH-Alto-1/Mixed_Voice_and_Falsetto/后来/Control_Group/0006.wav,Chinese,ZH-Alto-1,后来,Control_Group,0,0,0,0,1,0,1,non_mix,000010,control_negative,runtime_false_positive_family,passes_rule_core,passes_rule_core,,weak_mix,0.608125,0.599553,0.72824,0.627719,222.758286,0.568642,0.143642,falsetto,strong_mix,strong_mix,chest
Chinese#ZH-Alto-1#Breathy#成都#Control_Group#0008,D:\-MindEcho-main\ml_dl_models\gtsinger_multitech\dataset\raw\Chinese\ZH-Alto-1\Breathy\成都\Control_Group\0008.wav,Chinese/ZH-Alto-1/Breathy/成都/Control_Group/0008.wav,Chinese,ZH-Alto-1,成都,Control_Group,0,0,0,0,1,0,1,non_mix,000010,control_negative,runtime_false_positive_family,passes_rule_core,passes_rule_core,,weak_mix,0.679416,0.513216,0.920672,0.613948,257.282501,0.562858,0.137858,falsetto,strong_mix,strong_mix,chest
Chinese#ZH-Alto-1#Breathy#成都#Control_Group#0005,D:\-MindEcho-main\ml_dl_models\gtsinger_multitech\dataset\raw\Chinese\ZH-Alto-1\Breathy\成都\Control_Group\0005.wav,Chinese/ZH-Alto-1/Breathy/成都/Control_Group/0005.wav,Chinese,ZH-Alto-1,成都,Control_Group,0,0,0,0,1,0,1,non_mix,000010,control_negative,runtime_false_positive_family,passes_rule_core,passes_rule_core,,strong_mix,0.717011,0.658324,0.186032,0.658324,262.322968,0.556945,0.131945,chest_voice,strong_mix,strong_mix,chest
Chinese#ZH-Alto-1#Vibrato#我喜欢上你时的内心活动#Control_Group#0005,D:\-MindEcho-main\ml_dl_models\gtsinger_multitech\dataset\raw\Chinese\ZH-Alto-1\Vibrato\我喜欢上你时的内心活动\Control_Group\0005.wav,Chinese/ZH-Alto-1/Vibrato/我喜欢上你时的内心活动/Control_Group/0005.wav,Chinese,ZH-Alto-1,我喜欢上你时的内心活动,Control_Group,0,0,0,0,1,0,1,non_mix,000010,control_negative,runtime_false_positive_family,reject_pure_head_low_pitch,reject_pure_head_low_pitch,pure_learned_head_mix,weak_mix,0.697624,0.407393,1.0,0.599107,233.086243,0.556625,0.131625,falsetto,strong_mix,strong_mix,chest
Chinese#ZH-Alto-1#Pharyngeal#我好想你#Control_Group#0010,D:\-MindEcho-main\ml_dl_models\gtsinger_multitech\dataset\raw\Chinese\ZH-Alto-1\Pharyngeal\我好想你\Control_Group\0010.wav,Chinese/ZH-Alto-1/Pharyngeal/我好想你/Control_Group/0010.wav,Chinese,ZH-Alto-1,我好想你,Control_Group,0,1,0,1,1,0,1,non_mix,010110,control_negative,runtime_false_positive_family,passes_rule_core,passes_rule_core,pure_learned_head_mix,weak_mix,0.859131,0.404807,1.0,0.595305,577.448975,0.555028,0.130028,falsetto,weak_mix,weak_mix,falsetto
Chinese#ZH-Alto-1#Pharyngeal#我好想你#Control_Group#0008,D:\-MindEcho-main\ml_dl_models\gtsinger_multitech\dataset\raw\Chinese\ZH-Alto-1\Pharyngeal\我好想你\Control_Group\0008.wav,Chinese/ZH-Alto-1/Pharyngeal/我好想你/Control_Group/0008.wav,Chinese,ZH-Alto-1,我好想你,Control_Group,0,1,0,1,1,0,1,non_mix,010110,control_negative,runtime_false_positive_family,passes_rule_core,passes_rule_core,pure_learned_head_mix,weak_mix,0.857114,0.402285,1.0,0.591595,506.100372,0.55347,0.12847,falsetto,weak_mix,weak_mix,falsetto
Chinese#ZH-Alto-1#Vibrato#好久不见#Control_Group#0002,D:\-MindEcho-main\ml_dl_models\gtsinger_multitech\dataset\raw\Chinese\ZH-Alto-1\Vibrato\好久不见\Control_Group\0002.wav,Chinese/ZH-Alto-1/Vibrato/好久不见/Control_Group/0002.wav,Chinese,ZH-Alto-1,好久不见,Control_Group,0,0,0,0,1,0,1,non_mix,000010,control_negative,runtime_false_positive_family,reject_pure_head_low_pitch,reject_pure_head_low_pitch,pure_learned_head_mix,weak_mix,0.736866,0.380418,1.0,0.559438,311.126617,0.539964,0.114964,falsetto,weak_mix,weak_mix,falsetto
Chinese#ZH-Alto-1#Vibrato#大鱼#Control_Group#0007,D:\-MindEcho-main\ml_dl_models\gtsinger_multitech\dataset\raw\Chinese\ZH-Alto-1\Vibrato\大鱼\Control_Group\0007.wav,Chinese/ZH-Alto-1/Vibrato/大鱼/Control_Group/0007.wav,Chinese,ZH-Alto-1,大鱼,Control_Group,0,0,0,0,1,0,1,non_mix,000010,control_negative,runtime_false_positive_family,reject_pure_head_low_pitch,reject_pure_head_low_pitch,pure_learned_head_mix,weak_mix,0.792884,0.367914,1.0,0.54105,386.799316,0.532241,0.107241,falsetto,strong_mix,strong_mix,chest
Chinese#ZH-Alto-1#Pharyngeal#听海#Control_Group#0002,D:\-MindEcho-main\ml_dl_models\gtsinger_multitech\dataset\raw\Chinese\ZH-Alto-1\Pharyngeal\听海\Control_Group\0002.wav,Chinese/ZH-Alto-1/Pharyngeal/听海/Control_Group/0002.wav,Chinese,ZH-Alto-1,听海,Control_Group,0,0,0,0,1,0,1,non_mix,000010,control_negative,runtime_false_positive_family,passes_rule_core,passes_rule_core,pure_learned_head_mix,weak_mix,0.834824,0.35909,1.0,0.528074,513.027588,0.526791,0.101791,falsetto,weak_mix,weak_mix,falsetto
Chinese#ZH-Alto-1#Pharyngeal#大鱼#Control_Group#0002,D:\-MindEcho-main\ml_dl_models\gtsinger_multitech\dataset\raw\Chinese\ZH-Alto-1\Pharyngeal\大鱼\Control_Group\0002.wav,Chinese/ZH-Alto-1/Pharyngeal/大鱼/Control_Group/0002.wav,Chinese,ZH-Alto-1,大鱼,Control_Group,0,0,0,0,1,0,1,non_mix,000010,control_negative,runtime_false_positive_family,passes_rule_core,passes_rule_core,pure_learned_head_mix,weak_mix,0.825716,0.343706,1.0,0.50545,448.173737,0.517289,0.092289,falsetto,weak_mix,weak_mix,falsetto
Chinese#ZH-Alto-1#Vibrato#安和桥#Control_Group#0005,D:\-MindEcho-main\ml_dl_models\gtsinger_multitech\dataset\raw\Chinese\ZH-Alto-1\Vibrato\安和桥\Control_Group\0005.wav,Chinese/ZH-Alto-1/Vibrato/安和桥/Control_Group/0005.wav,Chinese,ZH-Alto-1,安和桥,Control_Group,0,0,0,0,1,0,1,non_mix,000010,control_negative,runtime_false_positive_family,passes_rule_core,passes_rule_core,,weak_mix,0.632437,0.433944,0.920368,0.497193,246.932053,0.513821,0.088821,falsetto,weak_mix,weak_mix,falsetto
Chinese#ZH-Alto-1#Mixed_Voice_and_Falsetto#剑伤#Control_Group#0004,D:\-MindEcho-main\ml_dl_models\gtsinger_multitech\dataset\raw\Chinese\ZH-Alto-1\Mixed_Voice_and_Falsetto\剑伤\Control_Group\0004.wav,Chinese/ZH-Alto-1/Mixed_Voice_and_Falsetto/剑伤/Control_Group/0004.wav,Chinese,ZH-Alto-1,剑伤,Control_Group,0,0,0,0,1,0,1,non_mix,000010,control_negative,runtime_false_positive_family,passes_rule_core,passes_rule_core,pure_learned_head_mix,weak_mix,0.805532,0.333914,1.0,0.49105,422.561066,0.511241,0.086241,falsetto,weak_mix,weak_mix,falsetto
Chinese#ZH-Alto-1#Pharyngeal#听海#Control_Group#0015,D:\-MindEcho-main\ml_dl_models\gtsinger_multitech\dataset\raw\Chinese\ZH-Alto-1\Pharyngeal\听海\Control_Group\0015.wav,Chinese/ZH-Alto-1/Pharyngeal/听海/Control_Group/0015.wav,Chinese,ZH-Alto-1,听海,Control_Group,0,0,0,0,1,0,1,non_mix,000010,control_negative,runtime_false_positive_family,passes_rule_core,passes_rule_core,pure_learned_head_mix,weak_mix,0.814356,0.316226,1.0,0.465038,568.250916,0.500316,0.075316,falsetto,weak_mix,weak_mix,falsetto
Chinese#ZH-Alto-1#Breathy#成都#Control_Group#0001,D:\-MindEcho-main\ml_dl_models\gtsinger_multitech\dataset\raw\Chinese\ZH-Alto-1\Breathy\成都\Control_Group\0001.wav,Chinese/ZH-Alto-1/Breathy/成都/Control_Group/0001.wav,Chinese,ZH-Alto-1,成都,Control_Group,0,0,0,0,1,0,1,non_mix,000010,control_negative,runtime_false_positive_family,reject_pure_head_low_pitch,reject_pure_head_low_pitch,pure_learned_head_mix,weak_mix,0.750001,0.301449,1.0,0.443307,374.86554,0.491189,0.066189,falsetto,strong_mix,strong_mix,chest
